date,1. open,2. high,3. low,4. close,5. volume
2025-03-07 19:45:00,262.22,262.45,262.1212,262.3801,34869.0
2025-03-07 19:30:00,262.17,262.5,262.05,262.17,19931.0
2025-03-07 19:15:00,262.2,262.25,262.05,262.19,11336.0
2025-03-07 19:00:00,262.18,262.39,262.0,262.1999,16713.0
2025-03-07 18:45:00,262.04,262.67,261.9,262.38,14695.0
2025-03-07 18:30:00,261.8,262.38,261.69,262.09,31487.0
2025-03-07 18:15:00,262.63,262.7,261.8,261.88,46872.0
2025-03-07 18:00:00,262.575,262.8,262.55,262.7,16430.0
2025-03-07 17:45:00,262.67,262.97,262.44,262.5983,24506.0
2025-03-07 17:30:00,262.89,279.7704,262.47,262.65,48943.0
2025-03-07 17:15:00,262.6,271.0,253.487,262.8,63605.0
2025-03-07 17:00:00,262.625,262.68,262.4,262.58,28394.0
2025-03-07 16:45:00,262.425,262.67,262.35,262.57,55436.0
2025-03-07 16:30:00,262.54,279.78,261.03,262.42,367462.0
2025-03-07 16:15:00,262.58,262.67,261.9,262.45,96263.0
2025-03-07 16:00:00,262.67,263.4,261.5,262.66,5129955.0
2025-03-07 15:45:00,260.3,263.5,260.01,262.65,4861153.0
2025-03-07 15:30:00,261.62,261.94,258.46,260.31,3234425.0
2025-03-07 15:15:00,261.845,262.3999,260.52,261.62,2039212.0
2025-03-07 15:00:00,260.55,262.7693,260.09,261.86,2224397.0
2025-03-07 14:45:00,261.06,261.1188,259.23,260.59,2833635.0
2025-03-07 14:30:00,263.15,263.57,260.59,260.98,2148540.0
2025-03-07 14:15:00,263.04,264.27,262.52,263.113,2355207.0
2025-03-07 14:00:00,263.43,264.11,261.35,263.0,2514702.0
2025-03-07 13:45:00,262.6317,264.07,262.47,263.3959,2099988.0
2025-03-07 13:30:00,260.27,263.69,259.6715,262.5137,2678377.0
2025-03-07 13:15:00,261.2438,262.89,259.82,260.2,2717298.0
2025-03-07 13:00:00,256.86,262.02,256.58,261.18,3768001.0
2025-03-07 12:45:00,258.11,261.16,256.7,256.79,4038780.0
2025-03-07 12:30:00,256.09,258.3,254.9,258.135,3361689.0
2025-03-07 12:15:00,253.85,256.095,252.83,256.04,2570167.0
2025-03-07 12:00:00,252.71,259.36,252.31,253.81,3933855.0
2025-03-07 11:45:00,253.4,259.43,250.73,252.6541,4425149.0
2025-03-07 11:30:00,254.42,258.96,252.52,253.454,4208490.0
2025-03-07 11:15:00,258.85,259.0,254.31,254.39,4280617.0
2025-03-07 11:00:00,258.94,259.79,257.65,258.815,2386724.0
2025-03-07 10:45:00,258.28,261.6,257.42,259.02,3922073.0
2025-03-07 10:30:00,260.9,260.9,256.94,258.34,5262454.0
2025-03-07 10:15:00,262.75,264.08,260.8324,260.9493,4283892.0
2025-03-07 10:00:00,262.12,264.3776,260.63,262.77,3834872.0
2025-03-07 09:45:00,263.38,266.2499,261.8172,262.015,5098133.0
2025-03-07 09:30:00,259.32,265.8,258.97,263.38,8730446.0
2025-03-07 09:15:00,258.87,260.0,258.5,259.29,248448.0
2025-03-07 09:00:00,259.43,260.5,258.18,258.99,367717.0
2025-03-07 08:45:00,261.58,262.12,258.84,259.6,393353.0
2025-03-07 08:30:00,259.26,264.38,258.32,261.89,1114224.0
2025-03-07 08:15:00,258.45,259.84,258.32,259.34,255398.0
2025-03-07 08:00:00,259.0,264.4,257.5,258.425,722417.0
2025-03-07 07:45:00,257.55,259.1,257.51,259.0,254963.0
2025-03-07 07:30:00,258.9,259.56,257.5,257.55,229381.0
2025-03-07 07:15:00,261.47,261.49,258.26,258.92,235695.0
2025-03-07 07:00:00,262.36,262.5,260.3,261.43,180766.0
2025-03-07 06:45:00,262.3,262.5,262.21,262.32,26132.0
2025-03-07 06:30:00,262.68,262.92,262.15,262.34,29813.0
2025-03-07 06:15:00,262.28,263.03,262.18,262.71,24806.0
2025-03-07 06:00:00,262.58,262.77,262.07,262.24,29373.0
2025-03-07 05:45:00,262.83,263.13,262.32,262.59,32518.0
2025-03-07 05:30:00,262.07,263.07,261.81,262.83,37114.0
2025-03-07 05:15:00,262.58,262.7,261.8,262.06,42302.0
2025-03-07 05:00:00,262.87,263.2,262.08,262.65,41989.0
2025-03-07 04:45:00,262.66,263.76,262.61,262.95,40704.0
2025-03-07 04:30:00,263.65,264.0,262.46,262.63,55298.0
2025-03-07 04:15:00,263.5,264.4,263.2,263.74,95040.0
2025-03-07 04:00:00,261.8,263.6,261.03,263.49,132733.0
2025-03-06 19:45:00,261.59,261.84,261.02,261.2,95883.0
2025-03-06 19:30:00,262.15,262.5,261.21,261.595,85468.0
2025-03-06 19:15:00,263.615,263.66,262.0,262.0047,59942.0
2025-03-06 19:00:00,262.8447,263.68,262.8025,263.595,54351.0
2025-03-06 18:45:00,263.102,263.3,262.695,262.958,41681.0
2025-03-06 18:30:00,263.08,263.5,263.0,263.11,34530.0
2025-03-06 18:15:00,263.67,263.81,263.0,263.23,34631.0
2025-03-06 18:00:00,263.92,263.98,263.29,263.68,33021.0
2025-03-06 17:45:00,263.62,264.0,263.3547,263.92,57113.0
2025-03-06 17:30:00,263.66,264.05,262.95,263.5045,91162.0
2025-03-06 17:15:00,264.84,265.0,263.6,263.65,67790.0
2025-03-06 17:00:00,264.55,281.9166,247.2111,264.761,112189.0
2025-03-06 16:45:00,264.69,277.9381,250.3827,264.5017,76763.0
2025-03-06 16:30:00,265.07,265.31,263.45,264.59,163592.0
2025-03-06 16:15:00,263.97,282.455,263.4439,265.09,414526.0
2025-03-06 16:00:00,263.43,265.28,262.16,263.84,8368636.0
2025-03-06 15:45:00,260.77,264.34,260.6,263.43,5144635.0
2025-03-06 15:30:00,261.17,264.0,260.55,260.8,3559440.0
2025-03-06 15:15:00,263.1,263.9498,260.08,261.12,3125907.0
2025-03-06 15:00:00,261.86,264.34,261.07,263.14,2884951.0
2025-03-06 14:45:00,261.88,266.62,261.52,261.834,4574947.0
2025-03-06 14:30:00,260.45,262.54,260.02,261.81,2266815.0
2025-03-06 14:15:00,262.15,262.77,260.02,260.56,2404126.0
2025-03-06 14:00:00,262.7539,263.17,261.38,262.1508,2729971.0
2025-03-06 13:45:00,260.42,263.04,260.41,262.7643,2321722.0
2025-03-06 13:30:00,263.0,263.58,260.11,260.465,3358253.0
2025-03-06 13:15:00,263.5661,264.64,262.75,262.95,1679225.0
2025-03-06 13:00:00,263.905,264.5,262.45,263.6156,2229936.0
2025-03-06 12:45:00,264.2,264.5599,261.77,263.98,3331127.0
2025-03-06 12:30:00,263.39,264.73,263.14,264.169,1858510.0
2025-03-06 12:15:00,263.46,265.6099,262.9101,263.33,2840609.0
2025-03-06 12:00:00,264.7,265.7677,262.85,263.4692,3665871.0
2025-03-06 11:45:00,267.16,267.7791,264.65,264.7,3128033.0
2025-03-06 11:30:00,269.33,271.2395,266.73,267.11,3020180.0
2025-03-06 11:15:00,269.95,270.27,267.58,269.33,2706871.0
2025-03-06 11:00:00,269.94,271.4387,268.86,269.95,2499491.0
2025-03-06 10:45:00,271.86,272.65,268.66,269.82,3171686.0
2025-03-06 10:30:00,270.7214,272.45,269.05,271.86,3107832.0
2025-03-06 10:15:00,269.96,271.4999,268.78,270.71,4063571.0
2025-03-06 10:00:00,266.59,270.4384,265.62,269.985,4706030.0
2025-03-06 09:45:00,265.0,268.59,264.73,266.59,4849863.0
2025-03-06 09:30:00,272.06,272.118,264.4,265.135,10123719.0
2025-03-06 09:15:00,271.68,272.39,270.92,272.07,193626.0
2025-03-06 09:00:00,271.58,271.99,270.72,271.65,213689.0
2025-03-06 08:45:00,272.08,272.43,271.3,271.52,124313.0
2025-03-06 08:30:00,271.47,273.13,271.05,272.08,277888.0
2025-03-06 08:15:00,271.33,272.11,270.65,271.31,217708.0
2025-03-06 08:00:00,272.48,280.33,270.5,271.3,719880.0
2025-03-06 07:45:00,272.71,273.1,272.16,272.49,55534.0
2025-03-06 07:30:00,273.26,273.35,271.97,272.77,131274.0
2025-03-06 07:15:00,273.15,273.55,272.7,273.3,55567.0
2025-03-06 07:00:00,274.44,274.52,272.7,273.25,121285.0
2025-03-06 06:45:00,274.45,274.74,273.98,274.36,42323.0
2025-03-06 06:30:00,273.5,274.68,273.42,274.47,47960.0
2025-03-06 06:15:00,273.69,274.0,273.32,273.54,44115.0
2025-03-06 06:00:00,273.6,273.75,272.97,273.59,59829.0
2025-03-06 05:45:00,273.28,273.98,273.0,273.59,37199.0
2025-03-06 05:30:00,274.2,274.2,273.08,273.37,49198.0
2025-03-06 05:15:00,273.79,274.78,273.38,274.16,77737.0
2025-03-06 05:00:00,273.4,274.04,272.58,273.7,52477.0
2025-03-06 04:45:00,274.23,274.59,272.4,273.5,72208.0
2025-03-06 04:30:00,272.93,274.46,272.28,274.25,67585.0
2025-03-06 04:15:00,273.5,274.24,272.72,272.87,109838.0
2025-03-06 04:00:00,275.24,278.38,273.2,273.6,187320.0
2025-03-05 19:45:00,278.6204,278.76,278.25,278.48,56411.0
2025-03-05 19:30:00,278.895,278.99,278.62,278.6786,19966.0
2025-03-05 19:15:00,278.745,279.25,278.6547,278.86,22943.0
2025-03-05 19:00:00,278.3001,278.85,278.25,278.77,24332.0
2025-03-05 18:45:00,278.53,278.77,278.25,278.3001,21764.0
2025-03-05 18:30:00,279.23,279.36,278.26,278.57,30216.0
2025-03-05 18:15:00,279.1,279.55,279.0,279.23,51678.0
2025-03-05 18:00:00,277.94,279.1,277.94,279.01,26428.0
2025-03-05 17:45:00,278.85,279.0,277.93,278.08,64177.0
2025-03-05 17:30:00,279.3,279.55,278.6,278.89,41743.0
2025-03-05 17:15:00,279.45,279.7,279.1,279.2,28934.0
2025-03-05 17:00:00,279.4,279.95,279.1,279.45,30666.0
2025-03-05 16:45:00,279.03,368.8424,206.7412,279.295,59455.0
2025-03-05 16:30:00,279.375,341.5964,201.5862,279.04,241386.0
2025-03-05 16:15:00,278.71,279.5,278.66,279.3,162712.0
2025-03-05 16:00:00,279.26,402.86,273.9127,278.6619,8696645.0
2025-03-05 15:45:00,276.79,279.55,275.26,279.26,4973596.0
2025-03-05 15:30:00,276.8,276.9784,275.68,276.79,2041385.0
2025-03-05 15:15:00,277.22,277.4,273.52,276.82,2932913.0
2025-03-05 15:00:00,276.19,278.1399,275.72,277.2223,2181169.0
2025-03-05 14:45:00,275.89,277.43,275.6501,276.185,1678581.0
2025-03-05 14:30:00,277.0,277.87,275.23,275.88,1975862.0
2025-03-05 14:15:00,278.608,279.16,276.62,276.94,2498716.0
2025-03-05 14:00:00,274.72,278.94,273.66,278.53,3199549.0
2025-03-05 13:45:00,272.025,274.96,272.0001,274.82,1815018.0
2025-03-05 13:30:00,272.375,273.55,271.2,272.015,1872293.0
2025-03-05 13:15:00,272.68,273.6,271.4938,272.4319,1598542.0
2025-03-05 13:00:00,275.36,275.47,271.0,272.745,2564538.0
2025-03-05 12:45:00,274.19,276.06,271.53,275.36,2792961.0
2025-03-05 12:30:00,273.1275,275.3,272.55,274.19,2191968.0
2025-03-05 12:15:00,272.2012,274.1489,271.7,273.1867,2007675.0
2025-03-05 12:00:00,272.15,273.91,271.41,272.17,2341619.0
2025-03-05 11:45:00,268.45,273.53,268.01,272.25,2922897.0
2025-03-05 11:30:00,270.55,270.6,268.0,268.41,3410335.0
2025-03-05 11:15:00,270.2,271.1303,268.8,270.6,2896088.0
2025-03-05 11:00:00,272.88,272.88,268.87,270.165,3392354.0
2025-03-05 10:45:00,272.9,274.5,270.9001,272.875,3059425.0
2025-03-05 10:30:00,270.25,273.88,269.4101,272.9315,3383259.0
2025-03-05 10:15:00,273.22,273.68,269.5,270.24,5168135.0
2025-03-05 10:00:00,271.5,278.2699,271.5,273.245,6357719.0
2025-03-05 09:45:00,274.4701,274.92,269.21,271.5,5573971.0
2025-03-05 09:30:00,272.92,275.6182,267.71,274.51,9450510.0
2025-03-05 09:15:00,272.7863,273.99,272.5,273.0,328824.0
2025-03-05 09:00:00,272.6,272.99,270.56,272.6,457296.0
2025-03-05 08:45:00,272.64,301.585,264.225,272.61,243387.0
2025-03-05 08:30:00,273.96,275.18,272.04,272.57,347975.0
2025-03-05 08:15:00,275.99,276.48,273.325,273.96,282807.0
2025-03-05 08:00:00,275.49,281.8,272.04,276.04,613661.0
2025-03-05 07:45:00,276.9,276.99,275.33,275.49,98384.0
2025-03-05 07:30:00,275.88,276.98,275.83,276.87,74389.0
2025-03-05 07:15:00,275.0,275.97,274.2,275.85,110833.0
2025-03-05 07:00:00,274.94,276.0,274.39,275.0,152920.0
2025-03-05 06:45:00,277.15,277.18,273.64,274.96,163972.0
2025-03-05 06:30:00,276.6,277.5,276.37,277.06,46531.0
2025-03-05 06:15:00,277.41,277.8,276.1,276.65,82612.0
2025-03-05 06:00:00,277.62,278.15,277.36,277.46,46304.0
2025-03-05 05:45:00,278.17,278.37,276.66,277.64,50619.0
2025-03-05 05:30:00,277.36,278.78,277.3,278.2,63684.0
2025-03-05 05:15:00,278.85,279.04,276.51,277.44,136667.0
2025-03-05 05:00:00,280.0,280.28,278.5,278.85,52939.0
2025-03-05 04:45:00,280.52,281.5,279.02,280.0,93561.0
2025-03-05 04:30:00,279.21,280.54,279.21,280.54,77024.0
2025-03-05 04:15:00,278.6,279.78,278.18,279.22,96447.0
2025-03-05 04:00:00,278.8,280.4,277.18,278.6,153211.0
2025-03-04 16:00:00,271.99,273.9,269.6,273.5999,7899413.0
2025-03-04 15:45:00,275.945,276.97,270.331,271.99,5580159.0
2025-03-04 15:30:00,282.955,283.3199,275.2,275.9891,3941673.0
2025-03-04 15:15:00,282.19,284.33,281.36,283.03,2328202.0
2025-03-04 15:00:00,280.25,282.5,278.84,282.198,2176611.0
2025-03-04 14:45:00,280.005,280.5,278.58,280.34,1569679.0
2025-03-04 14:30:00,279.24,280.73,277.6,280.0986,2206644.0
2025-03-04 14:15:00,276.47,281.5,275.86,279.16,4039880.0
2025-03-04 14:00:00,276.32,278.5,275.8049,276.4921,3420930.0
2025-03-04 13:45:00,273.26,276.6524,273.09,276.35,2593933.0
2025-03-04 13:30:00,271.1075,273.97,270.12,273.3504,2293656.0
2025-03-04 13:15:00,274.12,274.38,270.88,271.136,2218302.0
2025-03-04 13:00:00,270.465,274.45,269.77,274.35,3190099.0
2025-03-04 12:45:00,271.09,272.9801,269.73,270.43,2784732.0
2025-03-04 12:30:00,271.91,272.51,268.66,271.03,3256774.0
2025-03-04 12:15:00,268.51,273.07,267.79,271.9891,3741355.0
2025-03-04 12:00:00,268.186,269.3009,266.65,268.6,2626241.0
2025-03-04 11:45:00,268.0,269.76,266.87,268.23,3374506.0
2025-03-04 11:30:00,262.68,268.62,262.6118,268.0,3656518.0
2025-03-04 11:15:00,265.63,273.7775,262.0752,262.7605,3026571.0
2025-03-04 11:00:00,265.83,266.6939,262.5101,265.7976,3689415.0
2025-03-04 10:45:00,266.84,267.8156,264.44,265.79,3749839.0
2025-03-04 10:30:00,265.57,267.3,263.68,266.86,4505234.0
2025-03-04 10:15:00,266.385,266.4861,261.8401,265.61,6704915.0
2025-03-04 10:00:00,265.88,267.92,263.62,266.385,8506616.0
2025-03-04 09:45:00,272.74,274.71,265.78,265.89,9795114.0
2025-03-04 09:30:00,270.93,278.28,270.07,272.6634,11689740.0
2025-03-04 09:15:00,273.54,301.45,270.2,270.89,639377.0
2025-03-04 09:00:00,271.96,274.66,271.89,273.54,470111.0
2025-03-04 08:45:00,272.63,273.1,271.44,272.13,406206.0
2025-03-04 08:30:00,270.574,273.84,270.4,272.72,695213.0
2025-03-04 08:15:00,273.1762,273.73,270.53,270.55,678373.0
2025-03-04 08:00:00,279.4,285.91,273.0,273.1,1089043.0
2025-03-04 07:45:00,275.72,276.22,273.67,274.41,349581.0
2025-03-04 07:30:00,275.59,277.17,274.9,275.72,290714.0
2025-03-04 07:15:00,276.83,277.09,274.89,275.59,413518.0
2025-03-04 07:00:00,279.97,280.04,276.5,276.75,306040.0
2025-03-04 06:45:00,280.37,280.99,279.69,279.91,60813.0
2025-03-04 06:30:00,280.28,281.64,279.43,280.37,91723.0
2025-03-04 06:15:00,279.22,280.32,278.75,280.3,64268.0
2025-03-04 06:00:00,278.8,280.0,278.51,279.29,109957.0
2025-03-04 05:45:00,280.0,281.31,278.63,278.79,84778.0
2025-03-04 05:30:00,280.19,281.01,279.73,279.94,106844.0
2025-03-04 05:15:00,283.12,283.13,279.5,280.13,141844.0
2025-03-04 05:00:00,283.56,283.56,281.73,283.1,61876.0
2025-03-04 04:45:00,284.73,284.8,283.1,283.52,44063.0
2025-03-04 04:30:00,284.8,285.05,283.85,284.78,50188.0
2025-03-04 04:15:00,284.93,285.16,283.85,284.9,90443.0
2025-03-04 04:00:00,281.57,286.0,281.57,285.0,168853.0
2025-03-03 19:45:00,282.06,282.5,281.5147,281.7512,98447.0
2025-03-03 19:30:00,284.2,284.2,282.0082,282.3,85491.0
2025-03-03 19:15:00,283.87,284.5,283.76,284.1,43891.0
2025-03-03 19:00:00,283.63,284.0,283.5,283.89,38057.0
2025-03-03 18:45:00,284.62,284.62,283.5,283.63,42819.0
2025-03-03 18:30:00,284.39,284.94,284.14,284.54,52599.0
2025-03-03 18:15:00,283.49,284.44,283.3801,284.4,44184.0
2025-03-03 18:00:00,283.14,283.49,282.7,283.38,41412.0
2025-03-03 17:45:00,282.74,283.4,282.31,283.1,64377.0
2025-03-03 17:30:00,283.66,283.95,282.2652,282.64,88544.0
2025-03-03 17:15:00,284.95,285.0,283.28,283.6672,87662.0
2025-03-03 17:00:00,284.51,304.0136,268.6323,284.9999,58883.0
2025-03-03 16:45:00,285.5532,302.5246,268.6323,284.57,151193.0
2025-03-03 16:30:00,285.37,285.87,284.65,285.5532,109477.0
2025-03-03 16:15:00,285.115,286.06,284.65,285.37,175646.0
2025-03-03 16:00:00,284.78,286.75,284.46,285.115,9539671.0
2025-03-03 15:45:00,277.92,284.98,277.7046,284.78,6184193.0
2025-03-03 15:30:00,280.06,281.6599,277.3,277.87,4517258.0
2025-03-03 15:15:00,281.7,283.39,279.06,280.0924,4064975.0
2025-03-03 15:00:00,283.26,283.3544,280.93,281.728,4368629.0
2025-03-03 14:45:00,289.41,289.41,283.12,283.3393,3278448.0
2025-03-03 14:30:00,286.425,290.26,286.3,289.5247,2191393.0
2025-03-03 14:15:00,288.54,288.8599,286.3,286.425,2338941.0
2025-03-03 14:00:00,287.78,289.809,287.32,288.486,2295547.0
2025-03-03 13:45:00,285.8228,289.58,285.41,287.849,2749020.0
2025-03-03 13:30:00,285.5087,287.37,284.71,285.83,3004823.0
2025-03-03 13:15:00,286.6,288.82,285.03,285.415,3500562.0
2025-03-03 13:00:00,289.96,290.55,285.72,286.57,5110902.0
2025-03-03 12:45:00,295.965,296.0424,289.3509,289.94,5331322.0
2025-03-03 12:30:00,298.485,298.6999,295.4101,295.94,2565796.0
2025-03-03 12:15:00,300.075,300.2799,297.93,298.48,2012456.0
2025-03-03 12:00:00,301.65,301.65,299.35,300.09,2153776.0
2025-03-03 11:45:00,298.27,302.479,298.031,301.65,3281481.0
2025-03-03 11:30:00,298.99,300.15,297.4411,298.31,2303601.0
2025-03-03 11:15:00,298.5,300.73,298.0413,298.945,2885536.0
2025-03-03 11:00:00,295.49,298.8,295.2,298.46,2777060.0
2025-03-03 10:45:00,300.47,300.6407,294.86,295.415,3216641.0
2025-03-03 10:30:00,300.78,301.7,296.6,300.52,3606756.0
2025-03-03 10:15:00,296.08,300.92,294.86,300.73,4464236.0
2025-03-03 10:00:00,294.95,298.51,291.69,296.0801,5800376.0
2025-03-03 09:45:00,299.68,302.98,293.2,295.1,7991051.0
2025-03-03 09:30:00,300.34,303.94,295.0391,299.68,11986569.0
2025-03-03 09:15:00,300.68,301.01,275.325,300.2517,361279.0
2025-03-03 09:00:00,301.98,303.01,300.44,300.6,386922.0
2025-03-03 08:45:00,300.97,302.3,300.62,301.98,236157.0
2025-03-03 08:30:00,302.24,302.33,300.36,300.955,320078.0
2025-03-03 08:15:00,301.7015,303.33,301.5,302.33,259765.0
2025-03-03 08:00:00,303.04,304.44,292.967,301.66,1212504.0
2025-03-03 07:45:00,302.7,303.65,302.65,303.09,171272.0
2025-03-03 07:30:00,303.39,303.57,302.13,302.7,215781.0
2025-03-03 07:15:00,303.7,304.42,302.6,303.43,275415.0
2025-03-03 07:00:00,300.78,303.87,300.071,303.7,402238.0
2025-03-03 06:45:00,299.74,301.14,299.7,300.89,167950.0
2025-03-03 06:30:00,299.36,299.99,299.21,299.77,102026.0
2025-03-03 06:15:00,299.59,299.95,299.03,299.39,93697.0
2025-03-03 06:00:00,298.55,299.64,298.1,299.54,168650.0
2025-03-03 05:45:00,297.48,298.6,297.4,298.59,109442.0
2025-03-03 05:30:00,297.35,297.65,297.1,297.42,46036.0
2025-03-03 05:15:00,297.03,297.4,296.6,297.34,45349.0
2025-03-03 05:00:00,297.48,297.65,296.88,297.03,49860.0
2025-03-03 04:45:00,297.27,297.7,297.0,297.46,52096.0
2025-03-03 04:30:00,296.87,297.52,296.83,297.29,56542.0
2025-03-03 04:15:00,296.0,297.7,296.0,296.81,85634.0
2025-03-03 04:00:00,298.0,298.99,295.36,296.0,243556.0
2025-02-28 19:45:00,293.6,294.45,293.35,294.45,88888.0
2025-02-28 19:30:00,293.22,293.75,293.22,293.6,47093.0
2025-02-28 19:15:00,292.9985,293.7,292.95,293.45,45574.0
2025-02-28 19:00:00,292.72,293.0,292.64,292.9999,24912.0
2025-02-28 18:45:00,292.92,292.98,292.55,292.76,31452.0
2025-02-28 18:30:00,292.48,293.0,292.35,292.98,32186.0
2025-02-28 18:15:00,292.2798,292.48,292.18,292.4,28935.0
2025-02-28 18:00:00,292.405,292.48,292.1,292.28,30532.0
2025-02-28 17:45:00,292.47,292.65,292.22,292.44,39824.0
2025-02-28 17:30:00,292.8,292.8,292.33,292.45,25949.0
2025-02-28 17:15:00,292.62,307.9074,284.161,292.79,54730.0
2025-02-28 17:00:00,292.9,309.1025,274.4579,292.62,56723.0
2025-02-28 16:45:00,291.92,292.98,291.85,292.9,119166.0
2025-02-28 16:30:00,291.98,292.9903,291.14,291.92,1186807.0
2025-02-28 16:15:00,292.98,293.2,291.69,291.902,622845.0
2025-02-28 16:00:00,293.31,305.895,280.96,292.47,18638498.0
2025-02-28 15:45:00,290.59,293.62,288.89,293.31,5966863.0
2025-02-28 15:30:00,293.26,293.44,289.67,290.6052,3631903.0
2025-02-28 15:15:00,291.07,293.3969,288.83,293.2622,3294210.0
2025-02-28 15:00:00,289.72,291.99,288.8201,291.085,2998874.0
2025-02-28 14:45:00,289.07,291.0,288.5058,289.75,2707098.0
2025-02-28 14:30:00,285.91,289.4499,285.18,289.0693,2936723.0
2025-02-28 14:15:00,283.416,286.1692,283.35,285.915,1657322.0
2025-02-28 14:00:00,283.18,284.85,283.0725,283.3995,1531942.0
2025-02-28 13:45:00,287.01,287.45,282.81,283.17,3096490.0
2025-02-28 13:30:00,286.06,289.7476,285.12,287.0699,2577146.0
2025-02-28 13:15:00,284.25,286.3,281.33,286.12,3463920.0
2025-02-28 13:00:00,283.9888,285.39,283.4013,284.22,2822440.0
2025-02-28 12:45:00,288.06,288.49,283.81,283.87,3432789.0
2025-02-28 12:30:00,290.27,290.8489,287.63,288.2832,1624719.0
2025-02-28 12:15:00,290.34,291.94,288.9,290.27,2221508.0
2025-02-28 12:00:00,288.69,290.48,288.44,290.385,1615435.0
2025-02-28 11:45:00,290.03,291.05,288.38,288.755,1795786.0
2025-02-28 11:30:00,287.94,290.94,287.175,290.1,2482420.0
2025-02-28 11:15:00,289.9,291.48,287.4228,287.94,3123972.0
2025-02-28 11:00:00,291.76,292.0799,289.02,289.8875,3033014.0
2025-02-28 10:45:00,289.765,292.12,289.11,291.76,2978354.0
2025-02-28 10:30:00,292.395,293.0,280.3,289.735,5098185.0
2025-02-28 10:15:00,287.995,292.57,286.0,292.3526,6998907.0
2025-02-28 10:00:00,281.355,288.08,278.32,287.725,7098614.0
2025-02-28 09:45:00,282.49,285.1473,280.11,281.365,7302701.0
2025-02-28 09:30:00,279.5,282.7199,273.6,282.53,12914716.0
2025-02-28 09:15:00,280.49,280.74,277.57,279.5,338626.0
2025-02-28 09:00:00,279.69,281.39,279.54,280.48,261945.0
2025-02-28 08:45:00,280.78,281.06,279.306,279.69,268772.0
2025-02-28 08:30:00,277.59,282.0,277.3,280.78,723174.0
2025-02-28 08:15:00,278.59,278.76,276.83,277.63,493364.0
2025-02-28 08:00:00,282.7,284.1988,277.4,278.62,737269.0
2025-02-28 07:45:00,279.46,280.11,278.5,279.35,196769.0
2025-02-28 07:30:00,281.07,281.22,279.11,279.43,162177.0
2025-02-28 07:15:00,280.47,281.65,280.47,281.05,93472.0
2025-02-28 07:00:00,282.6,282.7,280.2,280.49,184021.0
2025-02-28 06:45:00,282.72,283.09,282.14,282.61,39245.0
2025-02-28 06:30:00,283.03,283.34,281.9,282.82,59583.0
2025-02-28 06:15:00,282.52,283.13,282.16,282.99,31061.0
2025-02-28 06:00:00,281.64,283.2,281.61,282.55,47366.0
2025-02-28 05:45:00,281.93,282.68,281.52,281.64,76775.0
2025-02-28 05:30:00,281.06,282.0,280.98,281.9,53550.0
2025-02-28 05:15:00,282.81,282.9,280.43,280.98,90849.0
2025-02-28 05:00:00,283.3,283.7,282.64,282.92,41977.0
2025-02-28 04:45:00,283.1,283.37,282.4,283.3,51862.0
2025-02-28 04:30:00,283.43,283.69,282.85,283.1,69246.0
2025-02-28 04:15:00,283.0,284.19,282.7,283.45,113412.0
2025-02-28 04:00:00,280.33,283.2,279.5,283.06,227219.0
2025-02-27 19:45:00,282.51,282.8,282.2,282.295,80180.0
2025-02-27 19:30:00,282.95,283.55,282.5,282.51,73061.0
2025-02-27 19:15:00,283.4,283.7,282.6022,282.965,53051.0
2025-02-27 19:00:00,283.13,283.68,281.95,283.4,57849.0
2025-02-27 18:45:00,283.0587,283.39,282.75,283.1299,69848.0
2025-02-27 18:30:00,282.33,283.2,282.2,283.02,64737.0
2025-02-27 18:15:00,282.15,282.49,282.0,282.32,36215.0
2025-02-27 18:00:00,281.65,282.6,281.5,282.19,91581.0
2025-02-27 17:45:00,282.26,282.57,281.49,281.6,75849.0
2025-02-27 17:30:00,282.11,282.6,282.07,282.22,56866.0
2025-02-27 17:15:00,281.77,355.0,281.7,282.14,62076.0
2025-02-27 17:00:00,281.81,301.163,262.0621,281.8,71278.0
2025-02-27 16:45:00,282.88,283.0,281.8,281.87,108446.0
2025-02-27 16:30:00,282.85,283.1,281.95,282.95,995868.0
2025-02-27 16:15:00,282.0001,282.95,281.71,282.85,141018.0
2025-02-27 16:00:00,281.99,282.99,281.08,282.0787,8663474.0
2025-02-27 15:45:00,282.321,284.4,281.26,281.96,6319374.0
2025-02-27 15:30:00,281.93,284.67,281.88,282.35,2741694.0
2025-02-27 15:15:00,282.41,282.99,281.5,281.9299,2767963.0
2025-02-27 15:00:00,284.63,284.71,281.7,282.45,2672997.0
2025-02-27 14:45:00,284.84,285.93,284.08,284.7206,2173536.0
2025-02-27 14:30:00,284.95,285.08,282.96,284.85,2755225.0
2025-02-27 14:15:00,286.155,286.9,284.63,284.9389,2116872.0
2025-02-27 14:00:00,288.525,288.7299,285.79,286.09,2231543.0
2025-02-27 13:45:00,289.82,290.44,288.4,288.5289,2314848.0
2025-02-27 13:30:00,291.33,291.8244,289.59,289.82,1922555.0
2025-02-27 13:15:00,289.92,291.6699,289.15,291.31,1871530.0
2025-02-27 13:00:00,289.5864,290.61,287.96,289.9874,2679488.0
2025-02-27 12:45:00,285.66,289.83,285.61,289.535,3449398.0
2025-02-27 12:30:00,286.0,286.82,284.69,285.72,1531749.0
2025-02-27 12:15:00,286.64,286.9,284.33,285.95,2455271.0
2025-02-27 12:00:00,285.74,287.3,285.2,286.64,1906484.0
2025-02-27 11:45:00,287.59,288.63,285.41,285.66,2457429.0
2025-02-27 11:30:00,288.5175,289.19,286.81,287.545,2112175.0
2025-02-27 11:15:00,290.68,292.0,288.0206,288.4,2446670.0
2025-02-27 11:00:00,286.64,291.4694,285.85,290.675,3203063.0
2025-02-27 10:45:00,291.98,292.95,286.06,286.4604,4079327.0
2025-02-27 10:30:00,293.32,293.52,290.11,291.84,3863323.0
2025-02-27 10:15:00,287.41,293.43,286.52,293.36,5380076.0
2025-02-27 10:00:00,283.04,288.52,280.88,287.4225,7980065.0
2025-02-27 09:45:00,290.08,292.67,283.04,283.16,7680844.0
2025-02-27 09:30:00,291.16,297.23,289.14,289.9018,8865517.0
2025-02-27 09:15:00,295.58,296.28,290.6,291.16,651548.0
2025-02-27 09:00:00,294.48,296.25,294.0,295.44,276353.0
2025-02-27 08:45:00,296.95,308.175,288.395,294.54,620977.0
2025-02-27 08:30:00,297.38,297.43,295.65,296.91,240250.0
2025-02-27 08:15:00,296.8,298.14,296.66,297.38,184491.0
2025-02-27 08:00:00,297.26,297.87,286.4,296.8499,756839.0
2025-02-27 07:45:00,297.34,297.85,296.63,297.35,123581.0
2025-02-27 07:30:00,297.51,297.74,296.97,297.34,116894.0
2025-02-27 07:15:00,296.9,297.8,296.68,297.57,257681.0
2025-02-27 07:00:00,295.92,297.0,295.3,296.89,248771.0
2025-02-27 06:45:00,295.36,296.36,295.29,295.98,61471.0
2025-02-27 06:30:00,295.91,296.15,295.25,295.4,47321.0
2025-02-27 06:15:00,295.98,296.38,295.65,295.91,52569.0
2025-02-27 06:00:00,295.8,296.57,295.5,295.98,67022.0
2025-02-27 05:45:00,295.52,296.01,295.34,295.8,48081.0
2025-02-27 05:30:00,294.8,296.29,294.38,295.5,81843.0
2025-02-27 05:15:00,294.67,295.25,293.99,294.82,62683.0
2025-02-27 05:00:00,295.18,295.56,294.2,294.65,70830.0
2025-02-27 04:45:00,295.12,295.89,294.77,295.18,63828.0
2025-02-27 04:30:00,295.22,295.92,294.25,295.16,99271.0
2025-02-27 04:15:00,293.27,295.9,293.0,295.2,175772.0
2025-02-27 04:00:00,290.78,294.55,289.22,293.28,237327.0
2025-02-26 19:45:00,287.01,287.27,286.12,286.6,211217.0
2025-02-26 19:30:00,288.29,288.29,287.0,287.01,87576.0
2025-02-26 19:15:00,288.69,288.74,287.52,288.22,165627.0
2025-02-26 19:00:00,288.9,288.99,288.26,288.69,70877.0
2025-02-26 18:45:00,289.28,289.31,288.4,288.9,92569.0
2025-02-26 18:30:00,289.36,289.83,289.15,289.285,45622.0
2025-02-26 18:15:00,289.0,289.94,288.68,289.285,66334.0
2025-02-26 18:00:00,290.51,290.555,177.81,289.0,140851.0
2025-02-26 17:45:00,291.32,291.59,290.51,290.555,75445.0
2025-02-26 17:30:00,290.9,291.88,290.71,291.37,60114.0
2025-02-26 17:15:00,291.44,309.9033,290.39,290.9,112303.0
2025-02-26 17:00:00,292.49,309.9033,279.1463,291.4,176440.0
2025-02-26 16:45:00,290.35,292.49,290.35,292.4778,197355.0
2025-02-26 16:30:00,289.65,290.8,289.25,290.47,376719.0
2025-02-26 16:15:00,291.72,293.0,288.78,289.57,569395.0
2025-02-26 16:00:00,290.82,308.095,290.0,291.7,6619898.0
2025-02-26 15:45:00,289.27,292.68,288.81,290.89,5714134.0
2025-02-26 15:30:00,289.0,289.73,288.04,289.29,2973047.0
2025-02-26 15:15:00,289.11,289.9217,288.0802,289.0196,3361829.0
2025-02-26 15:00:00,289.27,291.21,288.88,289.15,2763524.0
2025-02-26 14:45:00,291.095,291.7,288.98,289.22,2839723.0
2025-02-26 14:30:00,290.25,292.63,290.111,291.12,2374428.0
2025-02-26 14:15:00,291.2186,292.81,290.1,290.25,2766118.0
2025-02-26 14:00:00,291.4656,292.8,289.41,291.175,5315274.0
2025-02-26 13:45:00,293.72,293.95,291.45,291.5159,3190480.0
2025-02-26 13:30:00,293.4396,294.9,292.92,293.67,2656363.0
2025-02-26 13:15:00,295.85,297.19,293.42,293.4374,2984023.0
2025-02-26 13:00:00,296.4761,297.22,295.1,295.9,2578176.0
2025-02-26 12:45:00,299.13,299.89,296.01,296.46,2911083.0
2025-02-26 12:30:00,300.64,301.3,299.0108,299.155,1949909.0
2025-02-26 12:15:00,300.7693,301.86,299.89,300.68,1610586.0
2025-02-26 12:00:00,298.3508,300.9,297.7502,300.7001,1933404.0
2025-02-26 11:45:00,300.5,301.0,298.0,298.27,1933550.0
2025-02-26 11:30:00,298.78,302.26,298.75,300.5199,2702263.0
2025-02-26 11:15:00,299.89,299.98,298.23,298.781,2209857.0
2025-02-26 11:00:00,300.57,301.0,297.51,299.89,2964258.0
2025-02-26 10:45:00,298.36,300.99,297.6601,300.55,3409894.0
2025-02-26 10:30:00,295.3,300.63,295.3,298.345,6183644.0
2025-02-26 10:15:00,306.96,307.2,294.2301,295.25,7936058.0
2025-02-26 10:00:00,305.56,307.05,303.59,306.95,3441112.0
2025-02-26 09:45:00,306.59,309.0,303.71,305.55,4851992.0
2025-02-26 09:30:00,303.715,308.75,302.8,306.6366,7889187.0
2025-02-26 09:15:00,304.65,305.3,302.93,303.75,358851.0
2025-02-26 09:00:00,305.75,306.45,304.62,304.7,241878.0
2025-02-26 08:45:00,306.63,306.89,305.08,305.76,257951.0
2025-02-26 08:30:00,308.1,308.3,306.6,306.63,145337.0
2025-02-26 08:15:00,308.4501,308.48,307.47,308.09,116309.0
2025-02-26 08:00:00,306.6132,310.17,302.8,308.465,470017.0
2025-02-26 07:45:00,307.25,307.75,306.59,307.53,82298.0
2025-02-26 07:30:00,307.05,307.4,306.83,307.3,52675.0
2025-02-26 07:15:00,306.89,307.49,306.5,307.0,63702.0
2025-02-26 07:00:00,306.99,308.0,306.11,306.86,152275.0
2025-02-26 06:45:00,308.3,308.3,306.34,306.95,71446.0
2025-02-26 06:30:00,308.19,308.44,307.76,308.3,34384.0
2025-02-26 06:15:00,308.65,309.54,308.03,308.18,50504.0
2025-02-26 06:00:00,308.08,308.78,307.36,308.65,50820.0
2025-02-26 05:45:00,308.64,308.76,307.8,308.07,37790.0
2025-02-26 05:30:00,308.6,308.65,307.73,308.64,57111.0
2025-02-26 05:15:00,309.47,309.49,308.41,308.6,31661.0
2025-02-26 05:00:00,309.43,309.66,309.05,309.46,55326.0
2025-02-26 04:45:00,309.0,309.68,308.85,309.43,38355.0
2025-02-26 04:30:00,309.28,309.34,308.53,309.06,63170.0
2025-02-26 04:15:00,309.25,310.18,308.94,309.27,136105.0
2025-02-26 04:00:00,307.0,309.79,306.07,309.28,190191.0
2025-02-25 19:45:00,305.99,306.27,305.8,306.1,79760.0
2025-02-25 19:30:00,306.1,306.3,305.84,305.8404,55684.0
2025-02-25 19:15:00,305.93,306.3,305.75,306.11,46501.0
2025-02-25 19:00:00,305.705,306.4,305.595,305.9833,60083.0
2025-02-25 18:45:00,304.94,306.09,304.89,305.71,82328.0
2025-02-25 18:30:00,304.71,304.96,304.65,304.9,32085.0
2025-02-25 18:15:00,305.02,305.3,304.6035,304.74,51543.0
2025-02-25 18:00:00,304.94,364.31,304.688,305.01,53538.0
2025-02-25 17:45:00,305.2,305.2,304.4,304.89,59134.0
2025-02-25 17:30:00,304.7203,540.6239,179.9464,305.2,145413.0
2025-02-25 17:15:00,304.55,305.0,208.6875,304.73,106864.0
2025-02-25 17:00:00,303.2,304.55,302.8,304.51,108905.0
2025-02-25 16:45:00,303.52,303.75,302.79,303.125,110809.0
2025-02-25 16:30:00,303.94,337.9,302.8,303.35,118180.0
2025-02-25 16:15:00,303.628,337.815,302.8,304.0,226738.0
2025-02-25 16:00:00,302.58,304.55,302.05,303.75,12120011.0
2025-02-25 15:45:00,300.0,303.74,298.35,302.49,6965589.0
2025-02-25 15:30:00,302.68,302.875,299.87,300.02,3487532.0
2025-02-25 15:15:00,300.69,304.05,300.4,302.7,3407763.0
2025-02-25 15:00:00,301.495,302.58,299.93,300.69,2922230.0
2025-02-25 14:45:00,300.47,302.15,299.71,301.4701,2453235.0
2025-02-25 14:30:00,298.305,301.9,298.13,300.46,3668183.0
2025-02-25 14:15:00,297.775,299.13,297.2512,298.305,3350920.0
2025-02-25 14:00:00,300.785,301.55,297.7001,297.7986,4028466.0
2025-02-25 13:45:00,303.43,303.74,300.66,300.785,2214652.0
2025-02-25 13:30:00,302.4,304.298,301.62,303.4599,2223842.0
2025-02-25 13:15:00,303.21,303.49,301.96,302.38,2591017.0
2025-02-25 13:00:00,303.64,306.38,303.0,303.24,2625731.0
2025-02-25 12:45:00,304.48,305.19,303.43,303.6401,2355067.0
2025-02-25 12:30:00,303.495,304.47,301.72,304.42,2551433.0
2025-02-25 12:15:00,303.99,304.3,301.83,303.42,3172763.0
2025-02-25 12:00:00,305.95,305.95,303.54,304.0392,2834278.0
2025-02-25 11:45:00,301.99,306.47,301.9312,305.8859,3919036.0
2025-02-25 11:30:00,301.34,302.5799,298.78,301.9312,7080491.0
2025-02-25 11:15:00,303.51,304.7395,301.2,301.31,4439596.0
2025-02-25 11:00:00,304.35,304.5999,300.11,303.54,6432384.0
2025-02-25 10:45:00,302.35,307.97,302.0,304.1695,6731099.0
2025-02-25 10:30:00,306.44,308.76,301.41,302.4139,9596683.0
2025-02-25 10:15:00,311.15,312.09,305.39,306.37,8519028.0
2025-02-25 10:00:00,313.2,313.2,310.0101,311.1498,7360109.0
2025-02-25 09:45:00,317.885,320.0,312.5,313.1,8947068.0
2025-02-25 09:30:00,327.025,328.89,317.55,317.89,10244558.0
2025-02-25 09:15:00,329.44,329.52,326.22,326.96,235167.0
2025-02-25 09:00:00,329.0,329.7,328.7,329.44,73380.0
2025-02-25 08:45:00,328.9,329.78,328.66,329.04,78143.0
2025-02-25 08:30:00,329.5,330.5,328.75,328.85,118788.0
2025-02-25 08:15:00,331.04,331.09,329.17,329.42,115695.0
2025-02-25 08:00:00,328.826,333.4369,326.8,331.09,523764.0
2025-02-25 07:45:00,331.0,332.16,330.4,332.07,52796.0
2025-02-25 07:30:00,331.66,332.16,330.99,331.09,98611.0
2025-02-25 07:15:00,330.76,331.79,330.6,331.5,60940.0
2025-02-25 07:00:00,331.04,331.69,329.64,330.88,89464.0
2025-02-25 06:45:00,331.71,331.71,330.34,330.94,44339.0
2025-02-25 06:30:00,328.98,331.85,328.32,331.82,54323.0
2025-02-25 06:15:00,330.66,331.06,328.91,328.98,55602.0
2025-02-25 06:00:00,331.01,331.27,330.12,330.59,42789.0
2025-02-25 05:45:00,331.37,332.08,330.55,331.12,45076.0
2025-02-25 05:30:00,331.55,333.7,331.11,331.42,125324.0
2025-02-25 05:15:00,330.29,331.65,330.21,331.55,58859.0
2025-02-25 05:00:00,329.5,330.94,329.43,330.31,55748.0
2025-02-25 04:45:00,331.16,331.69,329.24,329.66,86244.0
2025-02-25 04:30:00,331.54,332.9,331.09,331.09,98144.0
2025-02-25 04:15:00,330.83,332.5,330.31,331.57,80261.0
2025-02-25 04:00:00,327.8,331.6,326.47,331.0,193996.0
2025-02-24 19:45:00,326.86,326.97,326.1,326.8506,75151.0
2025-02-24 19:30:00,326.68,327.0,325.69,326.86,65862.0
2025-02-24 19:15:00,325.9682,326.88,325.2,326.59,113995.0
2025-02-24 19:00:00,326.9982,327.27,325.655,325.98,102072.0
2025-02-24 18:45:00,327.81,328.0,326.8,326.95,68802.0
2025-02-24 18:30:00,327.609,328.2,327.03,327.8,80038.0
2025-02-24 18:15:00,328.9,329.01,327.58,327.655,75290.0
2025-02-24 18:00:00,328.3,329.01,328.28,328.94,44663.0
2025-02-24 17:45:00,328.87,329.01,328.25,328.3,33335.0
2025-02-24 17:30:00,328.68,329.4,328.32,328.92,47404.0
2025-02-24 17:15:00,329.22,341.1755,305.6525,328.69,125706.0
2025-02-24 17:00:00,330.15,330.53,314.4167,329.22,62198.0
2025-02-24 16:45:00,329.7,330.33,329.6,330.15,48694.0
2025-02-24 16:30:00,330.28,330.53,329.55,329.6,93583.0
2025-02-24 16:15:00,330.28,330.53,330.0,330.29,541142.0
2025-02-24 16:00:00,330.36,337.8,329.6,330.28,6627381.0
2025-02-24 15:45:00,332.023,332.5693,329.89,330.37,3537690.0
2025-02-24 15:30:00,331.86,333.6,331.2379,332.01,1812997.0
2025-02-24 15:15:00,333.05,333.76,331.72,331.868,1432992.0
2025-02-24 15:00:00,334.71,334.97,332.65,333.0499,1462132.0
2025-02-24 14:45:00,334.5,335.6,334.33,334.67,1234079.0
2025-02-24 14:30:00,333.435,335.37,332.8372,334.45,1466855.0
2025-02-24 14:15:00,336.58,336.58,333.34,333.4105,1919304.0
2025-02-24 14:00:00,336.52,337.95,336.25,336.58,1105510.0
2025-02-24 13:45:00,337.57,337.71,336.3,336.53,1221662.0
2025-02-24 13:30:00,338.4,338.55,337.3,337.57,932211.0
2025-02-24 13:15:00,337.82,338.88,337.5301,338.335,1177289.0
2025-02-24 13:00:00,336.19,338.1,336.04,337.8201,1111548.0
2025-02-24 12:45:00,338.2392,338.64,335.9,336.18,1361316.0
2025-02-24 12:30:00,337.09,338.28,336.55,338.2163,1337417.0
2025-02-24 12:15:00,336.27,338.9589,336.1055,337.03,2263727.0
2025-02-24 12:00:00,332.47,336.8592,332.46,336.27,1992550.0
2025-02-24 11:45:00,334.68,334.75,331.84,332.49,1762948.0
2025-02-24 11:30:00,333.8892,334.87,332.6,334.72,2511579.0
2025-02-24 11:15:00,330.6,334.2,330.33,333.85,2452161.0
2025-02-24 11:00:00,328.15,330.8666,326.9005,330.6,2542999.0
2025-02-24 10:45:00,328.74,330.2047,327.4,328.11,2281915.0
2025-02-24 10:30:00,326.6,337.8,326.5,328.7311,2510187.0
2025-02-24 10:15:00,331.4323,332.65,326.4255,326.6,3899571.0
2025-02-24 10:00:00,329.3,337.6899,324.7,331.465,7244538.0
2025-02-24 09:45:00,340.935,342.3973,328.3,329.22,6760635.0
2025-02-24 09:30:00,338.14,342.13,337.41,340.935,6640299.0
2025-02-24 09:15:00,343.8,353.69,335.02,338.0,860784.0
2025-02-24 09:00:00,346.11,346.28,343.0,343.8881,434533.0
2025-02-24 08:45:00,344.64,346.68,342.66,346.03,836884.0
2025-02-24 08:30:00,338.51,345.18,337.29,344.84,1486092.0
2025-02-24 08:15:00,331.67,339.22,331.3,338.6585,908069.0
2025-02-24 08:00:00,337.7825,340.475,331.25,331.66,829883.0
2025-02-24 07:45:00,331.8,333.2,331.8,332.58,106264.0
2025-02-24 07:30:00,332.72,333.8,331.6,331.74,109792.0
2025-02-24 07:15:00,334.7,334.95,331.51,332.71,195103.0
2025-02-24 07:00:00,337.06,337.38,334.0,334.74,168152.0
2025-02-24 06:45:00,336.63,337.16,336.01,337.01,50989.0
2025-02-24 06:30:00,337.09,337.14,336.5,336.64,32178.0
2025-02-24 06:15:00,336.86,337.45,336.7,337.04,33377.0
2025-02-24 06:00:00,337.78,337.96,336.7,336.86,40882.0
2025-02-24 05:45:00,338.18,338.38,337.75,337.77,16349.0
2025-02-24 05:30:00,337.65,338.6,336.7,338.1,48681.0
2025-02-24 05:15:00,338.83,338.84,337.24,337.57,46825.0
2025-02-24 05:00:00,339.06,339.23,338.56,338.83,18629.0
2025-02-24 04:45:00,338.73,339.59,338.71,339.03,18796.0
2025-02-24 04:30:00,340.09,340.35,338.52,338.79,36924.0
2025-02-24 04:15:00,339.99,340.47,339.28,340.05,40726.0
2025-02-24 04:00:00,337.31,340.2,336.31,340.1,130370.0
2025-02-21 19:45:00,338.32,338.5,337.22,337.3,70379.0
2025-02-21 19:30:00,338.1494,338.6,338.09,338.35,50650.0
2025-02-21 19:15:00,338.135,338.3,338.01,338.1499,20076.0
2025-02-21 19:00:00,338.1,338.25,337.85,338.16,25737.0
2025-02-21 18:45:00,337.83,338.1883,337.5,338.04,27866.0
2025-02-21 18:30:00,338.14,338.35,337.7912,337.9,45200.0
2025-02-21 18:15:00,338.61,338.65,338.055,338.21,26655.0
2025-02-21 18:00:00,338.5,339.1,338.316,338.65,52352.0
2025-02-21 17:45:00,338.12,419.05,337.65,338.5,37389.0
2025-02-21 17:30:00,337.49,540.2093,203.9798,338.16,50501.0
2025-02-21 17:15:00,337.6,354.2538,336.8258,337.5426,38847.0
2025-02-21 17:00:00,337.45,338.085,337.4,337.67,414353.0
2025-02-21 16:45:00,337.39,337.54,337.11,337.45,43335.0
2025-02-21 16:30:00,337.18,337.8,336.98,337.38,83692.0
2025-02-21 16:15:00,337.6486,337.8,337.01,337.3,103259.0
2025-02-21 16:00:00,337.54,338.18,337.18,337.575,11151018.0
2025-02-21 15:45:00,336.48,338.25,334.92,337.6,4299996.0
2025-02-21 15:30:00,336.42,337.38,335.75,336.46,2433925.0
2025-02-21 15:15:00,337.1094,337.34,335.93,336.405,2174219.0
2025-02-21 15:00:00,336.88,338.79,336.82,337.11,2060072.0
2025-02-21 14:45:00,335.56,337.76,335.1,336.94,2189410.0
2025-02-21 14:30:00,335.63,336.56,334.42,335.615,3276305.0
2025-02-21 14:15:00,338.51,338.87,335.4001,335.6514,2327768.0
2025-02-21 14:00:00,338.3124,339.08,337.5,338.47,1998467.0
2025-02-21 13:45:00,341.33,341.69,338.3,338.38,1706532.0
2025-02-21 13:30:00,340.14,342.7791,339.31,341.4289,2210355.0
2025-02-21 13:15:00,338.21,340.6899,338.17,340.118,2274254.0
2025-02-21 13:00:00,339.4901,339.71,337.2109,338.21,2410735.0
2025-02-21 12:45:00,339.81,339.89,338.45,339.53,1867956.0
2025-02-21 12:30:00,340.91,341.27,338.92,339.845,2706100.0
2025-02-21 12:15:00,340.9142,341.75,340.1017,340.89,2009845.0
2025-02-21 12:00:00,343.04,343.6299,340.9,340.92,2155105.0
2025-02-21 11:45:00,343.19,343.6,341.94,343.04,2287216.0
2025-02-21 11:30:00,346.04,347.94,343.0,343.17,2746522.0
2025-02-21 11:15:00,346.87,347.36,345.8332,346.09,1410994.0
2025-02-21 11:00:00,347.83,348.37,345.5,346.86,2068984.0
2025-02-21 10:45:00,345.03,348.2,344.94,347.86,2586389.0
2025-02-21 10:30:00,348.6029,348.69,344.81,345.05,4709611.0
2025-02-21 10:15:00,351.89,352.269,348.61,348.65,2476929.0
2025-02-21 10:00:00,351.65,353.98,351.33,351.905,2379216.0
2025-02-21 09:45:00,351.35,353.48,351.19,352.0801,2396002.0
2025-02-21 09:30:00,353.44,354.98,350.28,351.31,4463967.0
2025-02-21 09:15:00,355.4846,355.8297,353.291,353.61,160689.0
2025-02-21 09:00:00,355.52,355.7,354.55,355.46,92853.0
2025-02-21 08:45:00,355.97,361.36,351.3,355.52,47997.0
2025-02-21 08:30:00,356.19,356.25,355.21,355.94,72450.0
2025-02-21 08:15:00,356.35,356.57,355.51,356.24,89085.0
2025-02-21 08:00:00,353.3225,356.76,352.22,356.3404,317414.0
2025-02-21 07:45:00,354.96,355.65,354.51,355.6,47641.0
2025-02-21 07:30:00,353.47,354.92,353.43,354.9,33468.0
2025-02-21 07:15:00,352.95,353.56,352.91,353.46,34676.0
2025-02-21 07:00:00,353.14,353.33,352.61,352.89,45189.0
2025-02-21 06:45:00,353.13,353.34,352.92,353.16,7600.0
2025-02-21 06:30:00,353.42,353.42,352.99,353.1,10429.0
2025-02-21 06:15:00,353.45,353.5,353.23,353.41,11321.0
2025-02-21 06:00:00,353.5,353.76,353.36,353.45,13659.0
2025-02-21 05:45:00,353.37,353.57,353.2,353.52,12927.0
2025-02-21 05:30:00,353.46,353.47,353.23,353.37,6250.0
2025-02-21 05:15:00,353.4,353.88,353.34,353.44,7800.0
2025-02-21 05:00:00,353.7,353.93,353.11,353.35,21309.0
2025-02-21 04:45:00,353.3,353.96,353.15,353.76,16924.0
2025-02-21 04:30:00,353.0,353.52,352.77,353.32,15543.0
2025-02-21 04:15:00,352.39,353.51,352.24,353.07,31234.0
2025-02-21 04:00:00,353.03,354.37,352.0,352.45,57476.0
2025-02-20 19:45:00,352.95,353.0,352.75,352.7601,27169.0
2025-02-20 19:30:00,353.02,353.17,352.82,352.94,11975.0
2025-02-20 19:15:00,353.08,353.2,352.72,353.05,29388.0
2025-02-20 19:00:00,353.08,353.3,352.85,353.04,18915.0
2025-02-20 18:45:00,353.66,353.71,353.0,353.08,30019.0
2025-02-20 18:30:00,353.47,353.65,353.309,353.65,10258.0
2025-02-20 18:15:00,353.675,354.4,353.38,353.56,18930.0
2025-02-20 18:00:00,353.23,353.81,353.03,353.65,16766.0
2025-02-20 17:45:00,353.1,353.47,352.9,353.23,24065.0
2025-02-20 17:30:00,353.1,375.8595,343.2572,353.03,27205.0
2025-02-20 17:15:00,353.75,354.742,334.4007,353.3,40144.0
2025-02-20 17:00:00,353.8,354.0,353.64,353.7,17313.0
2025-02-20 16:45:00,354.05,354.2,353.5135,353.825,26491.0
2025-02-20 16:30:00,354.14,354.4,353.85,354.05,118597.0
2025-02-20 16:15:00,353.625,354.48,353.5,354.39,50746.0
2025-02-20 16:00:00,354.4,354.73,353.18,353.75,5186297.0
2025-02-20 15:45:00,354.08,354.8799,352.75,354.38,1941325.0
2025-02-20 15:30:00,353.6451,354.3299,352.97,354.1,857115.0
2025-02-20 15:15:00,353.83,354.01,352.93,353.7,855001.0
2025-02-20 15:00:00,354.065,354.73,353.68,353.8557,976761.0
2025-02-20 14:45:00,351.0709,354.21,350.9,354.055,1245639.0
2025-02-20 14:30:00,352.92,352.99,351.01,351.11,861784.0
2025-02-20 14:15:00,352.5,353.3698,352.37,352.98,648617.0
2025-02-20 14:00:00,353.07,353.43,352.361,352.53,657953.0
2025-02-20 13:45:00,353.145,353.47,352.5,353.135,544578.0
2025-02-20 13:30:00,353.4,353.65,352.52,353.15,590051.0
2025-02-20 13:15:00,352.79,353.75,352.46,353.4545,596915.0
2025-02-20 13:00:00,352.54,353.2392,351.68,352.79,869656.0
2025-02-20 12:45:00,354.955,355.0089,352.1401,352.585,993397.0
2025-02-20 12:30:00,353.9175,355.33,353.83,354.965,867155.0
2025-02-20 12:15:00,354.365,354.5,353.55,353.9,757009.0
2025-02-20 12:00:00,353.0,354.95,352.86,354.32,1192247.0
2025-02-20 11:45:00,354.05,354.08,352.6,353.01,920297.0
2025-02-20 11:30:00,354.23,354.9,353.51,354.07,1396672.0
2025-02-20 11:15:00,351.85,354.28,351.0,354.195,1933216.0
2025-02-20 11:00:00,350.135,352.41,349.89,351.805,1755229.0
2025-02-20 10:45:00,352.6,353.0125,349.8,350.25,2255111.0
2025-02-20 10:30:00,352.06,353.46,351.99,352.6408,1474029.0
2025-02-20 10:15:00,351.105,354.19,351.05,352.1441,2739291.0
2025-02-20 10:00:00,350.75,361.748,348.0,351.04,4189508.0
2025-02-20 09:45:00,356.14,356.52,350.45,350.71,4921707.0
2025-02-20 09:30:00,361.51,362.3,355.06,356.11,5026250.0
2025-02-20 09:15:00,361.75,367.245,349.445,361.55,131945.0
2025-02-20 09:00:00,362.22,362.65,361.64,361.79,67641.0
2025-02-20 08:45:00,362.72,362.9,361.88,362.31,78545.0
2025-02-20 08:30:00,362.59,363.08,361.9,362.705,94574.0
2025-02-20 08:15:00,362.0,362.61,361.5,362.61,71977.0
2025-02-20 08:00:00,361.97,363.9988,358.55,361.915,252540.0
2025-02-20 07:45:00,361.7,362.09,361.51,361.96,27364.0
2025-02-20 07:30:00,361.35,362.36,361.2,361.73,26429.0
2025-02-20 07:15:00,361.87,361.87,360.8,361.33,38906.0
2025-02-20 07:00:00,362.32,363.0,361.5,361.79,64836.0
2025-02-20 06:45:00,362.61,362.73,361.85,362.38,23677.0
2025-02-20 06:30:00,363.49,363.57,361.56,362.64,32202.0
2025-02-20 06:15:00,363.29,363.56,362.47,363.43,42607.0
2025-02-20 06:00:00,362.45,364.05,362.43,363.22,81007.0
2025-02-20 05:45:00,361.8,363.0,361.72,362.51,41914.0
2025-02-20 05:30:00,362.33,362.4,361.52,361.8,25917.0
2025-02-20 05:15:00,361.87,362.49,361.31,362.35,29092.0
2025-02-20 05:00:00,359.79,363.26,359.79,361.87,97196.0
2025-02-20 04:45:00,359.82,360.23,359.32,359.89,17177.0
2025-02-20 04:30:00,359.32,359.98,359.1,359.87,16514.0
2025-02-20 04:15:00,359.19,359.35,358.43,359.33,32675.0
2025-02-20 04:00:00,359.5,360.44,358.64,359.19,67414.0
2025-02-19 19:45:00,360.87,361.0,360.1641,360.6155,26050.0
2025-02-19 19:30:00,360.1,360.95,360.03,360.88,24782.0
2025-02-19 19:15:00,360.0,360.24,349.0944,360.12,9060.0
2025-02-19 19:00:00,360.15,360.4,349.0944,360.0,22508.0
2025-02-19 18:45:00,360.41,360.52,341.5964,360.23,18630.0
2025-02-19 18:30:00,360.485,360.59,360.0,360.26,18834.0
2025-02-19 18:15:00,360.58,360.89,360.1,360.47,13863.0
2025-02-19 18:00:00,359.98,360.949,359.8815,360.57,27241.0
2025-02-19 17:45:00,360.39,360.48,359.84,359.88,24118.0
2025-02-19 17:30:00,360.35,363.1739,360.21,360.32,21885.0
2025-02-19 17:15:00,360.0,360.4,359.01,360.35,36712.0
2025-02-19 17:00:00,360.96,360.99,359.54,359.93,44976.0
2025-02-19 16:45:00,361.25,361.44,360.56,361.0,215090.0
2025-02-19 16:30:00,360.89,361.29,360.7508,361.25,39326.0
2025-02-19 16:15:00,360.62,361.12,360.501,360.8232,59199.0
2025-02-19 16:00:00,360.5,362.0841,353.23,360.6104,5215967.0
2025-02-19 15:45:00,360.31,361.94,359.84,360.6,2553382.0
2025-02-19 15:30:00,358.09,360.6999,357.3509,360.3894,2372305.0
2025-02-19 15:15:00,360.955,362.75,357.87,358.1091,2044434.0
2025-02-19 15:00:00,362.66,362.665,360.57,361.01,1360480.0
2025-02-19 14:45:00,362.65,363.34,362.12,362.69,895819.0
2025-02-19 14:30:00,362.46,363.09,362.04,362.63,794598.0
2025-02-19 14:15:00,361.8592,363.2,361.83,362.555,1291003.0
2025-02-19 14:00:00,360.76,361.89,359.65,361.865,1606390.0
2025-02-19 13:45:00,363.21,363.21,360.62,360.76,1163156.0
2025-02-19 13:30:00,362.92,364.25,362.9,363.2185,1454412.0
2025-02-19 13:15:00,361.89,363.7,361.8,362.9,1090378.0
2025-02-19 13:00:00,362.47,363.3,361.5901,361.915,1098480.0
2025-02-19 12:45:00,361.9592,363.3,361.88,362.415,1115957.0
2025-02-19 12:30:00,364.63,364.6399,361.8206,362.0,1694031.0
2025-02-19 12:15:00,363.9057,365.1377,363.61,364.6076,2495127.0
2025-02-19 12:00:00,360.88,364.0,360.65,363.88,2495873.0
2025-02-19 11:45:00,358.76,361.1,358.5128,360.9075,1901314.0
2025-02-19 11:30:00,359.91,360.44,358.26,358.8148,2017220.0
2025-02-19 11:15:00,360.015,360.8999,359.14,359.966,1903569.0
2025-02-19 11:00:00,360.665,361.6,359.41,360.05,2140390.0
2025-02-19 10:45:00,363.19,363.9886,359.7501,360.665,3432178.0
2025-02-19 10:30:00,363.33,364.2499,362.5,363.24,2433136.0
2025-02-19 10:15:00,365.88,366.8,362.125,363.32,4066672.0
2025-02-19 10:00:00,363.83,367.34,363.27,365.8201,4872820.0
2025-02-19 09:45:00,361.25,365.5,360.95,363.71,6893231.0
2025-02-19 09:30:00,354.0,361.3,353.67,361.17,7071900.0
2025-02-19 09:15:00,353.29,354.08,353.02,353.9499,96426.0
2025-02-19 09:00:00,353.4,353.69,353.15,353.29,71147.0
2025-02-19 08:45:00,353.85,353.93,353.3,353.4,60618.0
2025-02-19 08:30:00,354.08,354.1,353.29,353.72,85145.0
2025-02-19 08:15:00,354.26,354.6353,353.67,354.1,80040.0
2025-02-19 08:00:00,354.58,392.21,352.1803,354.3,282918.0
2025-02-19 07:45:00,354.62,355.55,354.52,354.67,42963.0
2025-02-19 07:30:00,354.75,355.87,354.38,354.6,56693.0
2025-02-19 07:15:00,354.0,354.8,353.71,354.76,27446.0
2025-02-19 07:00:00,353.4,354.14,353.1,353.94,34339.0
2025-02-19 06:45:00,353.42,353.8,353.28,353.3,10637.0
2025-02-19 06:30:00,353.46,353.67,353.12,353.4,12398.0
2025-02-19 06:15:00,353.87,353.95,353.39,353.44,8803.0
2025-02-19 06:00:00,353.9,354.2,353.73,353.9,7510.0
2025-02-19 05:45:00,353.93,354.02,353.7,353.85,11108.0
2025-02-19 05:30:00,354.06,354.3,353.76,353.99,12759.0
2025-02-19 05:15:00,354.14,354.46,353.98,353.99,11136.0
2025-02-19 05:00:00,354.43,354.6,354.03,354.14,16040.0
2025-02-19 04:45:00,354.35,354.63,353.9,354.48,17014.0
2025-02-19 04:30:00,354.35,354.76,353.67,354.41,25038.0
2025-02-19 04:15:00,353.26,354.75,353.13,354.38,40013.0
2025-02-19 04:00:00,354.0,355.0,352.17,353.21,65521.0
2025-02-18 19:45:00,354.2963,354.65,354.12,354.4122,57652.0
2025-02-18 19:30:00,354.1,354.3,354.05,354.14,28142.0
2025-02-18 19:15:00,354.3,354.35,354.01,354.11,12453.0
2025-02-18 19:00:00,354.41,354.48,354.01,354.35,16503.0
2025-02-18 18:45:00,354.3701,354.47,354.1,354.41,21802.0
2025-02-18 18:30:00,354.29,354.49,354.1,354.3701,18697.0
2025-02-18 18:15:00,354.0,354.6,354.0,354.29,20412.0
2025-02-18 18:00:00,354.17,354.79,354.0,354.1,24534.0
2025-02-18 17:45:00,353.7494,374.6432,332.5354,354.13,22226.0
2025-02-18 17:30:00,353.95,372.1939,332.5354,353.75,26125.0
2025-02-18 17:15:00,353.94,374.6432,337.6033,353.96,23332.0
2025-02-18 17:00:00,354.3,354.35,353.76,353.97,28907.0
2025-02-18 16:45:00,354.2,354.6,354.11,354.33,36508.0
2025-02-18 16:30:00,354.31,354.3685,354.0,354.2391,54181.0
2025-02-18 16:15:00,354.53,355.05,354.03,354.37,114937.0
2025-02-18 16:00:00,354.05,354.72,353.2,354.51,5051421.0
2025-02-18 15:45:00,352.65,354.33,352.47,354.05,2213305.0
2025-02-18 15:30:00,352.76,353.63,352.33,352.675,1058442.0
2025-02-18 15:15:00,353.6559,354.06,352.76,352.76,843530.0
2025-02-18 15:00:00,353.9878,354.35,353.3,353.7,902558.0
2025-02-18 14:45:00,353.03,354.67,352.99,354.0799,1324153.0
2025-02-18 14:30:00,352.68,353.24,352.3661,353.005,702166.0
2025-02-18 14:15:00,351.9955,353.186,351.81,352.67,945734.0
2025-02-18 14:00:00,351.45,353.469,351.36,352.015,1623382.0
2025-02-18 13:45:00,350.94,351.7272,350.6101,351.427,1022691.0
2025-02-18 13:30:00,351.3287,351.6889,350.5,350.9853,1025217.0
2025-02-18 13:15:00,351.5,351.83,350.02,351.29,2159454.0
2025-02-18 13:00:00,354.61,354.6199,351.2,351.4001,1918729.0
2025-02-18 12:45:00,354.8,355.2599,354.2,354.6394,872143.0
2025-02-18 12:30:00,354.4,354.92,353.74,354.8139,988220.0
2025-02-18 12:15:00,354.5552,354.7,354.0,354.42,740522.0
2025-02-18 12:00:00,355.37,355.37,353.8,354.53,1605662.0
2025-02-18 11:45:00,356.235,357.17,355.25,355.335,1196815.0
2025-02-18 11:30:00,356.21,356.88,355.64,356.22,945990.0
2025-02-18 11:15:00,356.37,356.6,354.7707,356.255,1580361.0
2025-02-18 11:00:00,356.35,357.1799,355.88,356.425,1348568.0
2025-02-18 10:45:00,355.32,356.66,354.2,356.39,1620355.0
2025-02-18 10:30:00,353.95,355.68,353.46,355.3506,1839693.0
2025-02-18 10:15:00,356.91,357.125,353.53,353.9417,2300344.0
2025-02-18 10:00:00,357.36,358.17,354.74,356.83,2948814.0
2025-02-18 09:45:00,357.33,358.15,353.33,357.5,3674641.0
2025-02-18 09:30:00,355.01,359.1,352.55,357.335,6936531.0
2025-02-18 09:15:00,359.0958,359.46,354.9,355.03,398649.0
2025-02-18 09:00:00,359.95,360.45,358.62,359.1,212133.0
2025-02-18 08:45:00,358.69,360.02,358.652,359.96,260800.0
2025-02-18 08:30:00,357.66,358.711,345.775,358.69,221124.0
2025-02-18 08:15:00,356.9988,357.95,356.7,357.656,148092.0
2025-02-18 08:00:00,358.91,362.4,350.01,356.9833,1100440.0
2025-02-18 07:45:00,358.8,358.81,357.53,357.65,97699.0
2025-02-18 07:30:00,358.7,359.1,358.49,358.84,104657.0
2025-02-18 07:15:00,359.2,359.35,358.58,358.73,88603.0
2025-02-18 07:00:00,359.3,359.7,358.88,359.21,144662.0
2025-02-18 06:45:00,359.2,359.62,358.83,359.31,40790.0
2025-02-18 06:30:00,359.71,359.98,359.0,359.07,47471.0
2025-02-18 06:15:00,359.92,360.44,359.44,359.76,36234.0
2025-02-18 06:00:00,359.78,359.94,359.36,359.86,37235.0
2025-02-18 05:45:00,359.33,359.75,358.88,359.72,22154.0
2025-02-18 05:30:00,359.16,359.44,358.61,359.29,40973.0
2025-02-18 05:15:00,359.63,359.72,358.48,359.23,57323.0
2025-02-18 05:00:00,358.93,360.23,358.88,359.55,57282.0
2025-02-18 04:45:00,359.86,360.39,358.57,358.9,54522.0
2025-02-18 04:30:00,359.95,360.87,359.8,359.94,67353.0
2025-02-18 04:15:00,361.16,361.5,359.31,359.96,119830.0
2025-02-18 04:00:00,356.0,361.33,354.45,361.17,241037.0
2025-02-14 19:45:00,354.05,354.5,353.85,353.915,42124.0
2025-02-14 19:30:00,353.99,354.18,353.83,354.05,20094.0
2025-02-14 19:15:00,353.9,354.075,353.82,353.86,25324.0
2025-02-14 19:00:00,354.1,354.4,353.82,353.86,29721.0
2025-02-14 18:45:00,354.4,355.84,353.9,354.07,35223.0
2025-02-14 18:30:00,354.57,354.59,353.7,354.35,45085.0
2025-02-14 18:15:00,354.58,354.72,354.5,354.55,20520.0
2025-02-14 18:00:00,355.06,355.06,354.55,354.61,28759.0
2025-02-14 17:45:00,354.9793,355.24,354.89,355.0,31611.0
2025-02-14 17:30:00,355.04,355.25,354.9,354.95,16032.0
2025-02-14 17:15:00,355.05,364.0568,331.9212,355.11,22682.0
2025-02-14 17:00:00,355.14,355.4,332.4404,355.0005,61791.0
2025-02-14 16:45:00,355.22,355.84,354.9,355.12,75423.0
2025-02-14 16:30:00,355.3378,355.84,354.8,355.175,75324.0
2025-02-14 16:15:00,354.9975,360.4715,354.83,355.34,136652.0
2025-02-14 16:00:00,355.84,356.15,348.0,354.9994,3080057.0
2025-02-14 15:45:00,354.935,356.2,354.6,355.9,2736522.0
2025-02-14 15:30:00,355.83,356.44,352.5021,354.93,2020266.0
2025-02-14 15:15:00,354.07,356.18,353.63,355.8668,2111753.0
2025-02-14 15:00:00,354.3758,354.45,353.58,354.055,1214055.0
2025-02-14 14:45:00,353.5201,354.5933,353.23,354.4,1405361.0
2025-02-14 14:30:00,353.11,354.16,352.31,353.5856,1237659.0
2025-02-14 14:15:00,353.13,353.99,352.66,353.14,1063211.0
2025-02-14 14:00:00,352.95,354.0489,352.66,353.0797,1131663.0
2025-02-14 13:45:00,353.57,354.55,350.02,352.96,1550420.0
2025-02-14 13:30:00,351.2217,354.1299,351.2001,353.61,1754459.0
2025-02-14 13:15:00,351.72,351.75,350.41,351.2296,860027.0
2025-02-14 13:00:00,351.03,351.8499,350.65,351.69,1525407.0
2025-02-14 12:45:00,350.19,351.338,349.56,351.0055,1426325.0
2025-02-14 12:30:00,349.13,350.48,348.88,350.15,1137067.0
2025-02-14 12:15:00,349.73,350.16,348.6201,349.11,1801358.0
2025-02-14 12:00:00,351.53,352.07,349.25,349.7299,1533796.0
2025-02-14 11:45:00,350.2501,352.0,350.05,351.55,1457356.0
2025-02-14 11:30:00,351.55,352.74,350.24,350.36,1782143.0
2025-02-14 11:15:00,349.075,352.4599,348.4,351.558,3412786.0
2025-02-14 11:00:00,351.36,351.37,347.5,349.0401,5189073.0
2025-02-14 10:45:00,351.37,353.07,351.22,351.3,2210705.0
2025-02-14 10:30:00,352.4799,352.6688,350.03,351.37,3311523.0
2025-02-14 10:15:00,354.72,355.96,352.33,352.418,3145224.0
2025-02-14 10:00:00,353.07,354.74,351.6,354.73,4393299.0
2025-02-14 09:45:00,355.54,357.55,352.41,353.065,4567059.0
2025-02-14 09:30:00,360.62,362.0,352.8474,355.53,8239349.0
2025-02-14 09:15:00,360.48,361.79,345.36,360.5,267505.0
2025-02-14 09:00:00,361.9,362.5,360.4045,360.47,256630.0
2025-02-14 08:45:00,362.05,362.85,361.65,361.89,161987.0
2025-02-14 08:30:00,362.17,363.05,361.35,362.05,247020.0
2025-02-14 08:15:00,362.5315,362.8,362.04,362.16,167243.0
2025-02-14 08:00:00,360.7,363.8705,355.94,362.65,793094.0
2025-02-14 07:45:00,361.1,362.1,360.28,361.92,96134.0
2025-02-14 07:30:00,359.67,361.45,359.65,361.1,103325.0
2025-02-14 07:15:00,360.05,360.8,359.48,359.67,83708.0
2025-02-14 07:00:00,361.16,361.45,358.21,360.11,236470.0
2025-02-14 06:45:00,360.72,361.19,360.14,361.19,66397.0
2025-02-14 06:30:00,361.3,361.7,360.02,360.7,90725.0
2025-02-14 06:15:00,361.69,361.91,361.18,361.3,52805.0
2025-02-14 06:00:00,362.68,362.68,361.45,361.7,54155.0
2025-02-14 05:45:00,362.37,362.98,361.77,362.64,54168.0
2025-02-14 05:30:00,362.7,362.7,361.57,362.36,85601.0
2025-02-14 05:15:00,362.78,363.14,362.44,362.7,49448.0
2025-02-14 05:00:00,363.58,363.66,362.67,362.74,47395.0
2025-02-14 04:45:00,362.88,363.67,362.69,363.53,60800.0
2025-02-14 04:30:00,362.95,363.44,362.55,362.86,78383.0
2025-02-14 04:15:00,363.44,363.84,362.5,362.95,145390.0
2025-02-14 04:00:00,359.52,363.59,358.03,363.42,268805.0
2025-02-13 19:45:00,357.62,357.826,357.2,357.76,93537.0
2025-02-13 19:30:00,356.87,357.8799,356.83,357.68,119402.0
2025-02-13 19:15:00,356.91,357.0,356.7,356.9,70322.0
2025-02-13 19:00:00,355.7657,356.95,355.6,356.93,91573.0
2025-02-13 18:45:00,355.73,355.8,355.51,355.66,21621.0
2025-02-13 18:30:00,355.8,355.9,355.63,355.73,29218.0
2025-02-13 18:15:00,355.34,355.89,355.3,355.8835,27999.0
2025-02-13 18:00:00,355.29,355.49,355.06,355.3001,25495.0
2025-02-13 17:45:00,355.15,355.43,355.02,355.3,29960.0
2025-02-13 17:30:00,355.5,374.5036,330.5734,355.19,40589.0
2025-02-13 17:15:00,355.44,355.79,355.3,355.4991,32975.0
2025-02-13 17:00:00,355.3,355.8,355.1092,355.43,46146.0
2025-02-13 16:45:00,355.8,355.89,355.02,355.27,80205.0
2025-02-13 16:30:00,356.15,356.5,355.5757,355.82,81774.0
2025-02-13 16:15:00,355.94,356.75,355.94,356.1,99030.0
2025-02-13 16:00:00,355.97,356.9,355.9,356.71,8932066.0
2025-02-13 15:45:00,355.14,356.9,354.3101,356.03,4712014.0
2025-02-13 15:30:00,355.0,355.5,353.8501,355.13,2611354.0
2025-02-13 15:15:00,354.1,355.0799,352.449,355.02,2012881.0
2025-02-13 15:00:00,352.52,354.4,352.3901,354.017,1920602.0
2025-02-13 14:45:00,352.77,352.93,352.02,352.45,1044615.0
2025-02-13 14:30:00,352.25,353.12,351.7884,352.77,1534620.0
2025-02-13 14:15:00,351.309,352.52,351.1852,352.23,1674392.0
2025-02-13 14:00:00,351.12,351.45,349.93,351.315,1441877.0
2025-02-13 13:45:00,352.31,352.97,345.0,351.14,1567246.0
2025-02-13 13:30:00,350.44,352.985,350.44,352.42,2030624.0
2025-02-13 13:15:00,350.7778,352.3499,349.52,350.47,2486688.0
2025-02-13 13:00:00,350.7,351.4491,349.66,350.815,1501829.0
2025-02-13 12:45:00,350.38,351.34,349.8549,350.6658,1713063.0
2025-02-13 12:30:00,350.19,350.42,348.4288,350.3,2050188.0
2025-02-13 12:15:00,349.434,351.5,349.12,350.2,2299650.0
2025-02-13 12:00:00,349.215,350.07,348.17,349.43,2105033.0
2025-02-13 11:45:00,350.935,352.33,348.45,349.2,3319166.0
2025-02-13 11:30:00,352.75,352.979,350.07,350.9445,3506930.0
2025-02-13 11:15:00,353.5975,354.4,352.22,352.74,2717970.0
2025-02-13 11:00:00,356.8241,357.0699,352.32,353.6324,4629142.0
2025-02-13 10:45:00,356.625,358.69,356.27,356.85,3914147.0
2025-02-13 10:30:00,355.0,358.09,354.75,356.6001,4529033.0
2025-02-13 10:15:00,353.14,355.84,352.32,354.93,5431511.0
2025-02-13 10:00:00,348.0,353.28,345.3101,353.16,5274658.0
2025-02-13 09:45:00,349.1179,350.8,346.5,347.91,5974315.0
2025-02-13 09:30:00,345.0,349.4656,342.85,349.0752,8012308.0
2025-02-13 09:15:00,347.09,347.9,345.0,345.0,374796.0
2025-02-13 09:00:00,347.38,347.89,328.37,347.0,261813.0
2025-02-13 08:45:00,347.78,347.99,346.55,347.34,329814.0
2025-02-13 08:30:00,345.39,348.74,342.79,347.8,779859.0
2025-02-13 08:15:00,344.28,345.42,344.1,345.35,169997.0
2025-02-13 08:00:00,344.36,345.85,336.51,344.31,498464.0
2025-02-13 07:45:00,343.85,344.39,343.1,344.38,47686.0
2025-02-13 07:30:00,344.0,344.22,343.69,343.86,50297.0
2025-02-13 07:15:00,342.6,344.39,342.36,344.0,91529.0
2025-02-13 07:00:00,343.72,344.25,342.35,342.61,162862.0
2025-02-13 06:45:00,345.05,345.17,343.13,343.71,105865.0
2025-02-13 06:30:00,344.85,345.28,344.6,345.1,32564.0
2025-02-13 06:15:00,344.6,345.0,344.5,344.85,24893.0
2025-02-13 06:00:00,344.8,344.87,344.23,344.62,22513.0
2025-02-13 05:45:00,345.15,345.3,344.5,344.78,28900.0
2025-02-13 05:30:00,344.58,345.19,343.85,345.19,43027.0
2025-02-13 05:15:00,344.33,344.71,343.8,344.64,41675.0
2025-02-13 05:00:00,345.62,345.62,343.82,344.24,86297.0
2025-02-13 04:45:00,345.12,345.88,344.86,345.6,58852.0
2025-02-13 04:30:00,344.98,345.25,344.53,345.12,80603.0
2025-02-13 04:15:00,344.26,345.63,344.11,344.95,130321.0
2025-02-13 04:00:00,340.42,344.83,340.0,344.26,216365.0
2025-02-12 19:45:00,342.3,342.35,340.33,340.95,135837.0
2025-02-12 19:30:00,341.87,342.47,341.75,342.3,88572.0
2025-02-12 19:15:00,342.04,342.09,341.0,341.91,94190.0
2025-02-12 19:00:00,342.885,342.885,341.85,342.07,112594.0
2025-02-12 18:45:00,341.25,343.49,341.2,342.97,267502.0
2025-02-12 18:30:00,339.4481,341.3365,339.3,341.25,97997.0
2025-02-12 18:15:00,339.16,339.87,339.0,339.4,58291.0
2025-02-12 18:00:00,339.2902,339.86,339.13,339.13,125502.0
2025-02-12 17:45:00,338.25,339.3308,338.1,339.29,109975.0
2025-02-12 17:30:00,338.5,347.8318,197.376,338.225,64452.0
2025-02-12 17:15:00,337.73,466.4392,197.5544,338.54,190608.0
2025-02-12 17:00:00,337.15,338.3,336.5887,337.715,101646.0
2025-02-12 16:45:00,335.85,400.0,335.72,337.16,126249.0
2025-02-12 16:30:00,336.43,336.51,335.7,335.89,317725.0
2025-02-12 16:15:00,337.45,337.97,336.38,336.4,365821.0
2025-02-12 16:00:00,336.24,337.69,334.8,337.43,10154503.0
2025-02-12 15:45:00,339.5,340.35,335.66,336.46,7159151.0
2025-02-12 15:30:00,345.75,345.9799,338.6,339.5799,5198126.0
2025-02-12 15:15:00,344.89,346.4,344.5,345.815,1799487.0
2025-02-12 15:00:00,345.74,346.33,344.71,344.92,2143086.0
2025-02-12 14:45:00,345.08,346.19,343.9601,345.7976,2190944.0
2025-02-12 14:30:00,344.949,345.5,344.3,345.11,1838091.0
2025-02-12 14:15:00,344.15,345.58,344.13,344.93,2070762.0
2025-02-12 14:00:00,343.4,344.56,342.87,344.16,1787654.0
2025-02-12 13:45:00,342.93,343.72,342.08,343.35,1962708.0
2025-02-12 13:30:00,345.02,345.1699,342.65,342.97,2033280.0
2025-02-12 13:15:00,345.1,345.62,343.97,344.93,2412939.0
2025-02-12 13:00:00,344.1196,345.19,343.0,345.17,2741970.0
2025-02-12 12:45:00,343.15,344.9,342.95,344.11,2336944.0
2025-02-12 12:30:00,343.395,344.22,342.69,343.1364,2498669.0
2025-02-12 12:15:00,342.3853,343.7,342.1501,343.3601,2863072.0
2025-02-12 12:00:00,339.13,342.49,338.95,342.31,3390120.0
2025-02-12 11:45:00,339.3312,340.43,338.88,339.2,2063582.0
2025-02-12 11:30:00,337.2,339.98,337.15,339.43,2113135.0
2025-02-12 11:15:00,338.62,339.52,337.03,337.2,2160310.0
2025-02-12 11:00:00,340.0,340.97,338.04,338.6234,2874525.0
2025-02-12 10:45:00,337.651,340.1599,336.52,339.97,3348120.0
2025-02-12 10:30:00,338.31,341.18,337.5,337.6,4787179.0
2025-02-12 10:15:00,333.67,339.33,332.952,338.3209,5207597.0
2025-02-12 10:00:00,333.67,336.6,332.61,333.7799,4594092.0
2025-02-12 09:45:00,337.48,338.0999,333.4,333.6699,5310532.0
2025-02-12 09:30:00,329.94,337.87,329.12,337.485,10713063.0
2025-02-12 09:15:00,329.4,358.745,327.8,329.93,619950.0
2025-02-12 09:00:00,331.51,331.81,328.61,329.4,518904.0
2025-02-12 08:45:00,331.5,333.49,331.25,331.7608,497976.0
2025-02-12 08:30:00,331.87,333.22,325.8,331.54,1613837.0
2025-02-12 08:15:00,334.17,334.48,331.6,331.7001,516860.0
2025-02-12 08:00:00,334.88,337.16,316.91,334.181,1754896.0
2025-02-12 07:45:00,334.97,336.39,334.3,334.89,354300.0
2025-02-12 07:30:00,335.33,335.94,333.78,335.0,378286.0
2025-02-12 07:15:00,333.67,337.16,332.4,335.3,952584.0
2025-02-12 07:00:00,325.28,333.91,325.01,333.45,709988.0
2025-02-12 06:45:00,325.1,325.61,324.78,325.28,88904.0
2025-02-12 06:30:00,324.0,325.43,323.65,325.1,129218.0
2025-02-12 06:15:00,322.9,324.34,322.75,324.0,80998.0
2025-02-12 06:00:00,323.41,323.88,322.25,322.9,71832.0
2025-02-12 05:45:00,322.69,323.46,322.66,323.46,84787.0
2025-02-12 05:30:00,322.48,322.89,322.15,322.69,63925.0
2025-02-12 05:15:00,321.86,322.63,321.1,322.53,98672.0
2025-02-12 05:00:00,322.1,322.46,320.7,321.81,148975.0
2025-02-12 04:45:00,323.59,323.72,321.65,322.09,120131.0
2025-02-12 04:30:00,320.56,324.07,320.31,323.59,272307.0
2025-02-12 04:15:00,322.82,323.39,320.07,320.49,335895.0
2025-02-12 04:00:00,321.93,327.31,315.78,322.85,347684.0
2025-02-11 19:45:00,327.2,327.24,326.55,326.75,135173.0
2025-02-11 19:30:00,327.11,327.4,327.0,327.16,51794.0
2025-02-11 19:15:00,327.21,327.35,327.0,327.18,59811.0
2025-02-11 19:00:00,326.9,327.4,326.8,327.26,59829.0
2025-02-11 18:45:00,327.55,327.55,326.9,326.9,49419.0
2025-02-11 18:30:00,327.54,327.73,327.3,327.55,54926.0
2025-02-11 18:15:00,326.72,327.6,326.69,327.41,84113.0
2025-02-11 18:00:00,326.68,327.33,326.55,326.72,84751.0
2025-02-11 17:45:00,327.18,328.5,326.5,326.66,176367.0
2025-02-11 17:30:00,327.3,345.13,326.8,327.19,234465.0
2025-02-11 17:15:00,328.09,328.45,327.2732,327.3,152399.0
2025-02-11 17:00:00,328.86,612.4593,179.9464,328.07,216522.0
2025-02-11 16:45:00,328.75,334.41,328.2,328.9,173064.0
2025-02-11 16:30:00,327.35,329.05,326.82,328.9,284872.0
2025-02-11 16:15:00,327.72,454.13,327.11,327.22,209831.0
2025-02-11 16:00:00,328.64,393.35,325.905,327.72,9701542.0
2025-02-11 15:45:00,327.09,328.65,325.1,328.64,6391451.0
2025-02-11 15:30:00,326.53,327.17,325.2,327.0801,5188040.0
2025-02-11 15:15:00,327.41,327.75,326.11,326.4173,4288344.0
2025-02-11 15:00:00,330.06,330.99,326.88,327.466,4446296.0
2025-02-11 14:45:00,331.1778,331.4299,329.5501,330.025,2723721.0
2025-02-11 14:30:00,332.4814,332.73,329.8,331.17,3223606.0
2025-02-11 14:15:00,332.2,332.99,331.9,332.485,2048379.0
2025-02-11 14:00:00,333.29,334.6,331.6301,332.17,3071879.0
2025-02-11 13:45:00,332.43,333.95,332.1,333.315,2567417.0
2025-02-11 13:30:00,329.7299,334.9541,329.15,332.4363,4713800.0
2025-02-11 13:15:00,331.14,331.83,329.12,329.6978,4523237.0
2025-02-11 13:00:00,333.76,334.1585,330.8,331.12,3316293.0
2025-02-11 12:45:00,333.03,334.7,332.95,333.85,2120670.0
2025-02-11 12:30:00,335.0,335.06,332.16,333.0354,3056210.0
2025-02-11 12:15:00,333.5,335.4,332.7,334.97,3702156.0
2025-02-11 12:00:00,336.0999,336.1621,333.01,333.51,4686147.0
2025-02-11 11:45:00,335.96,336.73,335.1,336.03,3659992.0
2025-02-11 11:30:00,337.33,337.56,335.32,335.97,3596093.0
2025-02-11 11:15:00,337.815,338.0,335.7122,337.37,5383967.0
2025-02-11 11:00:00,339.475,340.605,337.43,337.8,4749451.0
2025-02-11 10:45:00,344.115,344.64,339.19,339.436,5308634.0
2025-02-11 10:30:00,343.93,345.1658,342.05,344.044,3328672.0
2025-02-11 10:15:00,342.95,344.71,342.91,343.9903,3654023.0
2025-02-11 10:00:00,344.36,345.3236,341.8,342.95,6044473.0
2025-02-11 09:45:00,347.78,348.4308,344.1,344.3,4068331.0
2025-02-11 09:30:00,345.8,349.37,343.35,347.78,8728136.0
2025-02-11 09:15:00,347.02,360.5,345.56,345.83,245438.0
2025-02-11 09:00:00,346.64,347.2,346.43,347.075,226477.0
2025-02-11 08:45:00,347.85,350.73,346.33,346.65,310773.0
2025-02-11 08:30:00,348.08,391.7139,347.47,347.7,132484.0
2025-02-11 08:15:00,347.53,348.2,347.32,348.08,140418.0
2025-02-11 08:00:00,348.4,351.8,347.2,347.52,558934.0
2025-02-11 07:45:00,348.41,348.8,348.1,348.41,50536.0
2025-02-11 07:30:00,348.75,349.15,348.0,348.41,74076.0
2025-02-11 07:15:00,348.65,349.16,348.3,348.79,47383.0
2025-02-11 07:00:00,349.68,349.74,348.59,348.61,90017.0
2025-02-11 06:45:00,349.44,349.87,349.36,349.68,27653.0
2025-02-11 06:30:00,349.3,349.98,349.23,349.45,46831.0
2025-02-11 06:15:00,348.74,349.3,348.54,349.3,23056.0
2025-02-11 06:00:00,348.63,349.13,348.52,348.76,24613.0
2025-02-11 05:45:00,348.73,349.1,348.13,348.63,33601.0
2025-02-11 05:30:00,348.72,348.88,348.49,348.73,18832.0
2025-02-11 05:15:00,348.57,349.08,348.33,348.72,24689.0
2025-02-11 05:00:00,348.85,349.07,348.15,348.62,38322.0
2025-02-11 04:45:00,349.23,349.37,348.51,348.86,31735.0
2025-02-11 04:30:00,349.39,350.0,349.21,349.23,26267.0
2025-02-11 04:15:00,349.77,350.79,349.21,349.36,86589.0
2025-02-11 04:00:00,347.77,349.75,347.61,349.75,106813.0
2025-02-10 19:45:00,347.56,347.85,347.43,347.61,113630.0
2025-02-10 19:30:00,347.78,348.2,347.56,347.5798,71386.0
2025-02-10 19:15:00,348.24,348.3,347.43,347.82,118764.0
2025-02-10 19:00:00,348.18,348.5,348.0,348.23,60777.0
2025-02-10 18:45:00,348.77,350.73,347.9,348.03,139297.0
2025-02-10 18:30:00,349.3,349.46,348.54,348.54,51401.0
2025-02-10 18:15:00,348.86,349.5,348.8,349.3,92156.0
2025-02-10 18:00:00,349.64,349.65,348.5,348.855,74424.0
2025-02-10 17:45:00,349.11,362.01,348.71,349.65,130910.0
2025-02-10 17:30:00,348.27,349.21,347.88,349.11,111480.0
2025-02-10 17:15:00,348.68,348.8,341.1755,348.3,228291.0
2025-02-10 17:00:00,349.4485,349.45,329.9341,348.73,145990.0
2025-02-10 16:45:00,350.0,362.32,349.18,349.3,131443.0
2025-02-10 16:30:00,349.77,356.93,349.55,350.0,248167.0
2025-02-10 16:15:00,348.9,354.7,348.82,349.79,292226.0
2025-02-10 16:00:00,350.65,359.69,348.21,348.93,7159490.0
2025-02-10 15:45:00,352.43,352.65,350.51,350.64,5311873.0
2025-02-10 15:30:00,354.98,355.0,351.9,352.4101,3024212.0
2025-02-10 15:15:00,353.86,355.0,352.9001,354.99,2153315.0
2025-02-10 15:00:00,354.84,355.4,353.35,353.915,1911429.0
2025-02-10 14:45:00,355.89,355.97,353.65,354.8,2393229.0
2025-02-10 14:30:00,357.64,357.73,355.4801,355.92,1855099.0
2025-02-10 14:15:00,357.7659,358.9,356.9023,357.66,1557694.0
2025-02-10 14:00:00,357.88,358.19,356.51,357.785,1504894.0
2025-02-10 13:45:00,357.2894,358.1891,356.93,357.855,1311705.0
2025-02-10 13:30:00,359.95,360.0,357.14,357.28,1392853.0
2025-02-10 13:15:00,360.02,360.4899,359.01,359.9504,1176867.0
2025-02-10 13:00:00,360.6899,361.4,359.5,360.0431,1328052.0
2025-02-10 12:45:00,358.945,361.19,358.94,360.6201,1441782.0
2025-02-10 12:30:00,358.46,359.05,357.6,358.94,1886465.0
2025-02-10 12:15:00,360.9,361.2,358.2,358.44,1774256.0
2025-02-10 12:00:00,361.89,362.01,360.47,360.9063,1606531.0
2025-02-10 11:45:00,359.944,362.2,359.87,361.92,1536935.0
2025-02-10 11:30:00,360.745,360.97,356.3801,359.9095,1713384.0
2025-02-10 11:15:00,361.06,362.7,360.5127,360.751,2373729.0
2025-02-10 11:00:00,359.52,362.1,359.3702,361.0599,2219525.0
2025-02-10 10:45:00,361.13,361.5658,359.08,359.5418,2283728.0
2025-02-10 10:30:00,360.91,362.383,358.6249,361.11,3120535.0
2025-02-10 10:15:00,358.92,361.75,358.44,360.9,3764325.0
2025-02-10 10:00:00,355.5,359.8,354.7,358.91,4316907.0
2025-02-10 09:45:00,354.818,355.94,350.51,355.445,5495775.0
2025-02-10 09:30:00,356.21,358.07,351.31,354.72,9851160.0
2025-02-10 09:15:00,358.315,358.55,355.63,356.15,375893.0
2025-02-10 09:00:00,358.13,358.66,357.91,358.33,125379.0
2025-02-10 08:45:00,358.5,359.0,357.95,358.14,133471.0
2025-02-10 08:30:00,358.75,376.51,358.3,358.45,226413.0
2025-02-10 08:15:00,357.59,359.0,357.2,358.75,220371.0
2025-02-10 08:00:00,356.76,361.62,355.4,357.54,540606.0
2025-02-10 07:45:00,356.25,356.98,356.0,356.76,76335.0
2025-02-10 07:30:00,355.79,356.25,355.4,356.25,119506.0
2025-02-10 07:15:00,356.7,356.8,355.79,355.79,77530.0
2025-02-10 07:00:00,356.99,357.09,355.8,356.7,139688.0
2025-02-10 06:45:00,356.95,357.0,356.42,356.96,47555.0
2025-02-10 06:30:00,357.32,357.44,356.86,356.98,29252.0
2025-02-10 06:15:00,357.13,357.6,356.92,357.28,40047.0
2025-02-10 06:00:00,357.87,357.88,356.64,357.14,52162.0
2025-02-10 05:45:00,358.04,358.17,357.6,357.84,24719.0
2025-02-10 05:30:00,357.74,358.18,357.57,358.05,34394.0
2025-02-10 05:15:00,356.52,358.18,356.49,357.73,56892.0
2025-02-10 05:00:00,356.86,356.98,356.52,356.55,26980.0
2025-02-10 04:45:00,356.34,357.01,356.3,356.85,36954.0
2025-02-10 04:30:00,357.62,357.62,356.0,356.26,94021.0
2025-02-10 04:15:00,356.92,357.71,356.9,357.61,54583.0
2025-02-10 04:00:00,357.1,359.0,355.79,357.0,183213.0
2025-02-07 19:45:00,357.49,357.9,357.32,357.38,161016.0
2025-02-07 19:30:00,357.855,358.0,357.44,357.49,89672.0
2025-02-07 19:15:00,358.09,358.3,357.8,357.88,56111.0
2025-02-07 19:00:00,358.3,358.68,357.89,358.12,69850.0
2025-02-07 18:45:00,358.615,358.85,358.0,358.34,76451.0
2025-02-07 18:30:00,357.85,359.0783,357.66,358.64,104148.0
2025-02-07 18:15:00,359.4,359.5,357.58,357.7,218564.0
2025-02-07 18:00:00,360.2,360.5,359.11,359.4,201722.0
2025-02-07 17:45:00,360.7,360.72,360.1,360.19,72163.0
2025-02-07 17:30:00,360.4895,360.8,360.16,360.66,103055.0
2025-02-07 17:15:00,361.12,361.24,360.46,360.4893,83951.0
2025-02-07 17:00:00,361.24,600.4579,179.7697,361.12,143413.0
2025-02-07 16:45:00,361.69,600.4579,203.9798,361.2,104236.0
2025-02-07 16:30:00,362.11,362.45,361.51,361.69,100755.0
2025-02-07 16:15:00,362.5,362.86,361.62,362.11,168707.0
2025-02-07 16:00:00,361.49,376.57,361.2,362.6,6656900.0
2025-02-07 15:45:00,361.2,362.84,360.5,361.49,3868594.0
2025-02-07 15:30:00,361.8528,362.32,360.34,361.2,2910163.0
2025-02-07 15:15:00,361.84,362.2099,361.2,361.87,2210356.0
2025-02-07 15:00:00,364.38,364.3868,361.7,361.89,2726565.0
2025-02-07 14:45:00,364.405,365.57,363.77,364.36,1612188.0
2025-02-07 14:30:00,363.82,364.95,363.52,364.41,1477052.0
2025-02-07 14:15:00,365.65,365.83,363.4401,363.8899,2584349.0
2025-02-07 14:00:00,366.91,367.48,365.57,365.67,1585403.0
2025-02-07 13:45:00,368.24,368.3,366.8,366.91,1151301.0
2025-02-07 13:30:00,369.5542,370.0,367.6,368.2599,959008.0
2025-02-07 13:15:00,370.36,371.26,369.0308,369.5,1207733.0
2025-02-07 13:00:00,369.0836,371.0,368.921,370.34,1280057.0
2025-02-07 12:45:00,369.86,373.0,368.3101,369.0,926292.0
2025-02-07 12:30:00,368.74,372.31,367.56,369.86,1228502.0
2025-02-07 12:15:00,369.115,369.54,366.4301,368.72,1604297.0
2025-02-07 12:00:00,367.53,369.57,366.3,369.12,2253314.0
2025-02-07 11:45:00,368.045,369.2277,367.03,367.63,1800751.0
2025-02-07 11:30:00,369.175,370.25,367.7074,368.035,1587765.0
2025-02-07 11:15:00,368.165,371.8599,367.85,369.1767,2424026.0
2025-02-07 11:00:00,370.81,370.815,367.28,368.1618,3286021.0
2025-02-07 10:45:00,372.16,374.77,369.49,370.73,3381147.0
2025-02-07 10:30:00,372.16,373.69,370.1999,372.16,2185374.0
2025-02-07 10:15:00,371.39,373.4299,369.76,372.2,3053122.0
2025-02-07 10:00:00,376.23,376.41,369.11,371.38,4648327.0
2025-02-07 09:45:00,375.42,380.5459,375.4,376.455,4857397.0
2025-02-07 09:30:00,370.19,377.53,370.0,375.465,5961045.0
2025-02-07 09:15:00,371.61,372.18,369.63,370.02,207136.0
2025-02-07 09:00:00,371.7,371.9,370.98,371.67,78872.0
2025-02-07 08:45:00,372.34,374.32,370.92,371.725,154189.0
2025-02-07 08:30:00,372.2,374.23,369.38,372.35,391919.0
2025-02-07 08:15:00,372.44,372.95,371.36,372.15,148874.0
2025-02-07 08:00:00,369.68,374.32,367.3,372.44,338665.0
2025-02-07 07:45:00,371.55,372.23,371.16,372.12,56414.0
2025-02-07 07:30:00,371.03,371.75,370.74,371.62,44689.0
2025-02-07 07:15:00,369.61,371.47,369.43,371.02,77962.0
2025-02-07 07:00:00,369.95,370.0,369.01,369.61,52844.0
2025-02-07 06:45:00,370.07,370.18,369.58,369.93,24120.0
2025-02-07 06:30:00,368.7,370.06,368.55,370.05,37421.0
2025-02-07 06:15:00,368.65,368.83,368.2,368.65,22185.0
2025-02-07 06:00:00,368.77,369.0,368.05,368.65,24443.0
2025-02-07 05:45:00,368.04,368.8,367.81,368.75,24110.0
2025-02-07 05:30:00,368.65,368.69,367.05,368.01,64248.0
2025-02-07 05:15:00,368.88,368.95,368.44,368.56,35997.0
2025-02-07 05:00:00,368.65,369.22,368.49,368.88,25220.0
2025-02-07 04:45:00,368.92,369.65,368.54,368.7,35618.0
2025-02-07 04:30:00,368.77,369.71,368.7,368.93,36827.0
2025-02-07 04:15:00,370.14,370.5,368.51,368.77,69984.0
2025-02-07 04:00:00,370.5,371.83,369.48,370.17,73081.0
2025-02-06 19:45:00,370.359,371.0,370.12,370.85,81192.0
2025-02-06 19:30:00,370.79,371.0,370.2,370.285,45118.0
2025-02-06 19:15:00,371.04,371.25,370.26,370.79,44986.0
2025-02-06 19:00:00,371.06,382.0,370.9,371.0037,29745.0
2025-02-06 18:45:00,371.44,371.76,371.01,371.27,16470.0
2025-02-06 18:30:00,371.43,374.32,371.18,371.48,18822.0
2025-02-06 18:15:00,371.96,372.1,371.0,371.43,28242.0
2025-02-06 18:00:00,371.39,372.3,371.1,371.9,51668.0
2025-02-06 17:45:00,371.15,371.5,370.99,371.39,28735.0
2025-02-06 17:30:00,371.0,616.6153,225.0958,371.2,41961.0
2025-02-06 17:15:00,371.2,618.6654,197.5847,371.0,75154.0
2025-02-06 17:00:00,372.79,616.6153,197.5847,371.036,66150.0
2025-02-06 16:45:00,373.58,373.75,372.33,372.8,74646.0
2025-02-06 16:30:00,373.3,424.07,373.22,373.63,141331.0
2025-02-06 16:15:00,373.07,374.32,372.0,373.43,137921.0
2025-02-06 16:00:00,374.32,387.185,373.05,373.2,5166025.0
2025-02-06 15:45:00,371.3,374.32,371.3,374.31,4024954.0
2025-02-06 15:30:00,369.43,371.59,369.42,371.2947,2010834.0
2025-02-06 15:15:00,368.71,369.4899,368.62,369.35,1291361.0
2025-02-06 15:00:00,369.05,369.58,367.42,368.7542,1735685.0
2025-02-06 14:45:00,368.545,369.7,367.86,369.1,1401384.0
2025-02-06 14:30:00,370.09,370.16,367.85,368.4912,2225647.0
2025-02-06 14:15:00,370.1429,371.57,369.81,370.105,1707312.0
2025-02-06 14:00:00,372.155,372.3,370.04,370.1959,1765713.0
2025-02-06 13:45:00,372.9835,374.09,371.89,372.1738,1915474.0
2025-02-06 13:30:00,371.76,373.11,371.53,372.95,1976318.0
2025-02-06 13:15:00,369.4664,371.77,368.66,371.77,1358729.0
2025-02-06 13:00:00,368.958,370.7,368.52,369.4258,1533525.0
2025-02-06 12:45:00,369.85,370.87,368.71,368.94,1608504.0
2025-02-06 12:30:00,369.54,370.58,368.34,369.82,1689246.0
2025-02-06 12:15:00,368.44,370.17,368.28,369.5401,1640054.0
2025-02-06 12:00:00,368.21,370.19,367.75,368.4944,2397514.0
2025-02-06 11:45:00,365.3901,369.07,364.82,368.24,2561822.0
2025-02-06 11:30:00,366.055,367.28,365.3,365.4769,1814416.0
2025-02-06 11:15:00,366.12,366.6599,364.25,366.05,1979037.0
2025-02-06 11:00:00,364.84,366.5,363.85,366.14,2771757.0
2025-02-06 10:45:00,365.36,366.53,364.3155,364.82,2991638.0
2025-02-06 10:30:00,367.65,369.1491,365.17,365.33,3894648.0
2025-02-06 10:15:00,365.9,368.63,365.49,367.5708,4049251.0
2025-02-06 10:00:00,366.87,372.4885,363.18,365.9778,6296713.0
2025-02-06 09:45:00,367.43,368.58,365.51,366.87,5554139.0
2025-02-06 09:30:00,373.03,375.4,366.83,367.3,8711949.0
2025-02-06 09:15:00,372.49,373.13,372.01,373.13,174984.0
2025-02-06 09:00:00,373.45,373.84,372.22,372.46,165199.0
2025-02-06 08:45:00,372.9,374.2,372.81,373.41,131288.0
2025-02-06 08:30:00,374.7,374.8,372.8,372.82,200138.0
2025-02-06 08:15:00,373.25,375.22,373.1,374.6,283542.0
2025-02-06 08:00:00,371.85,379.8,370.06,373.22,564255.0
2025-02-06 07:45:00,371.45,372.22,371.13,371.85,74103.0
2025-02-06 07:30:00,371.15,371.89,371.1,371.45,64309.0
2025-02-06 07:15:00,371.06,371.44,370.5,371.16,69695.0
2025-02-06 07:00:00,372.16,372.89,370.7,371.04,165611.0
2025-02-06 06:45:00,372.28,372.62,371.8,372.15,53888.0
2025-02-06 06:30:00,371.58,372.5,370.93,372.29,48125.0
2025-02-06 06:15:00,371.68,372.16,371.12,371.58,54543.0
2025-02-06 06:00:00,370.9,371.86,370.6,371.62,48536.0
2025-02-06 05:45:00,370.25,371.41,370.05,370.83,113134.0
2025-02-06 05:30:00,370.31,371.18,370.01,370.27,100382.0
2025-02-06 05:15:00,372.0,372.06,370.26,370.35,153959.0
2025-02-06 05:00:00,373.2,373.29,371.79,372.06,78732.0
2025-02-06 04:45:00,374.13,374.5,372.91,373.17,68019.0
2025-02-06 04:30:00,372.83,374.23,372.35,374.09,97850.0
2025-02-06 04:15:00,376.21,376.39,371.23,372.83,269571.0
2025-02-06 04:00:00,377.95,379.45,376.1,376.2,131569.0
